x,y,z,z-max,Material,Nº de Registro,Sond-Quad,Sondagem,Quadrante,Quantia,Observações,Características,Data,Nº de Campo,Sítio,Pesquisa,Nº do saco,Peça Marc.
1445.0,442.0,-88.5,,Cerâmica,TQ/II/00001,SON25-Q3,25,3,6.0,,,1º dia,1.0,Taquarí,,1,X
1904.0,466.0,-77.0,,Cerâmica,TQ/II/00002,SON25-Q4,25,4,2.0,,,1º dia,19.0,Taquarí,,2,X
1465.0,451.0,-91.5,,Cerâmica,TQ/II/00003,SON25-Q3,25,3,1.0,,,1º dia,3.0,Taquarí,,3,X
2447.0,492.0,-83.0,,Cerâmica,TQ/II/00004,SON25-Q5,25,5,1.0,,,1º dia,4.0,Taquarí,,4,X
2437.0,440.0,-76.0,,Cerâmica,TQ/II/00005,SON25-Q5,25,5,1.0,,,1º dia,20.0,Taquarí,,5,X
1474.0,491.0,-94.0,,Cerâmica,TQ/II/00006,SON25-Q3,25,3,1.0,,,1º dia,6.0,Taquarí,,6,X
1472.0,473.0,-92.0,,Cerâmica,TQ/II/00007,SON25-Q3,25,3,1.0,,Borda,1º dia,7.0,Taquarí,,7,X
,,0.0,,Cerâmica,TQ/II/00008,Errada,Errada,Errada,1.0,"Plotagem errada (SON15-Q3 [56, 66, 93.5])",,1º dia,8.0,Taquarí,,8,X
,,0.0,15.0,Cerâmica,TQ/II/00009,SON25-Q3,25,3,1.0,Peneira,,1º dia,10.0,Taquarí,,9,X
1913.0,490.0,-74.0,,Cerâmica,TQ/II/00010,SON25-Q4,25,4,1.0,,,1º dia,11.0,Taquarí,,10,X
1906.0,428.0,-71.0,,Cerâmica,TQ/II/00011,SON25-Q4,25,4,2.0,,,1º dia,12.0,Taquarí,,11,X
,,0.0,,Cerâmica,TQ/II/00012,SON25-Q3,25,3,3.0,"Não consta o valor de x (SON25-Q3 [?, 04, 97])",,1º dia,15.0,Taquarí,,12,X
1450.0,453.0,-91.5,,Cerâmica,TQ/II/00013,SON25-Q3,25,3,2.0,,,1º dia,16.0,Taquarí,,13,X
1931.0,427.0,-80.0,,Cerâmica,TQ/II/00014,SON25-Q4,25,4,3.0,,"Borda, pintura",1º dia,17.0,Taquarí,,14,X
1415.0,427.0,-92.0,,Cerâmica,TQ/II/00015,SON25-Q3,25,3,2.0,,,1º dia,18.0,Taquarí,,15,X
,,0.0,15.0,Cerâmica,TQ/II/00016,SON25-Q3,25,3,2.0,Peneira,,1º dia,,Taquarí,,16,X
,,0.0,15.0,Cerâmica,TQ/II/00017,SON25-Q3,25,3,1.0,Peneira,,1º dia,,Taquarí,,17,X
,,0.0,15.0,Cerâmica,TQ/II/00018,SON25-Q3,25,3,1.0,Peneira,,1º dia,,Taquarí,,18,X
,,0.0,15.0,Cerâmica,TQ/II/00019,SON25-Q4,25,4,2.0,Peneira,"Borda, pintura",1º dia,,Taquarí,,19,X
,,0.0,15.0,Cerâmica,TQ/II/00020,SON25-Q5,25,5,6.0,Peneira,"Borda, pintura",1º dia,,Taquarí,,20,X
,,0.0,,Cerâmica,TQ/II/00021,Errada,Errada,Errada,17.0,Peneira – Plotagem errada (SON15-Q3 [0-15]),"Borda, pintura",1º dia,,Taquarí,,21,X
,,0.0,15.0,Cerâmica,TQ/II/00022,SON25-Q5,25,5,12.0,Peneira,"Borda, pintura",1º dia,,Taquarí,,22,X
,,0.0,,Cerâmica,TQ/II/00023,Errada,Errada,Errada,1.0,Solta no container,,1º dia,,Taquarí,,23,X
1495.0,487.0,-150.0,,Cerâmica,TQ/II/00024,SON25-Q3,25,3,1.0,,,2º dia,21.0,Taquarí,,24,X
2440.0,423.0,-78.0,,Cerâmica,TQ/II/00025,SON25-Q5,25,5,1.0,,,2º dia,23.0,Taquarí,,25,X
1947.0,422.0,-92.0,,Cerâmica,TQ/II/00026,SON25-Q4,25,4,6.0,,,2º dia,24.0,Taquarí,,26,X
2478.0,450.0,-77.0,,Cerâmica,TQ/II/00027,SON25-Q5,25,5,1.0,,"Borda, pintura",2º dia,25.0,Taquarí,,27,X
1496.0,490.0,-106.0,,Cerâmica,TQ/II/00028,SON25-Q3,25,3,1.0,,,2º dia,26.0,Taquarí,,28,X
2486.0,420.0,-81.0,,Cerâmica,TQ/II/00029,SON25-Q5,25,5,1.0,,,2º dia,27.0,Taquarí,,29,X
1972.0,460.0,-95.0,,Cerâmica,TQ/II/00030,SON25-Q4,25,4,1.0,,,2º dia,28.0,Taquarí,,30,X
911.0,296.0,-105.0,,Cerâmica,TQ/II/00031,SON15-Q2,15,2,1.0,,"Borda, pintura",2º dia,29.0,Taquarí,,31/32,X
918.0,211.0,-93.0,,Cerâmica,TQ/II/00032,SON15-Q2,15,2,1.0,,,2º dia,30.0,Taquarí,,33,X
440.0,60.0,-93.0,,Cerâmica,TQ/II/00033,SON5-Q1,5,1,1.0,,,2º dia,32.0,Taquarí,,34,X
438.0,30.0,-88.0,,Cerâmica,TQ/II/00034,SON5-Q1,5,1,1.0,,,2º dia,33.0,Taquarí,,35,X
28.0,225.0,-132.0,,Cerâmica,TQ/II/00035,SON11-Q1,11,1,1.0,,,2º dia,34.0,Taquarí,,36,X
980.0,280.0,-100.0,,Cerâmica,TQ/II/00036,SON15-Q2,15,2,7.0,,"Borda, pintura",2º dia,35.0,Taquarí,,37/38,X
419.0,28.0,-87.0,,Cerâmica,TQ/II/00037,SON5-Q1,5,1,1.0,,Borda,2º dia,36.0,Taquarí,,39,X
950.0,277.0,-96.0,,Cerâmica,TQ/II/00038,SON15-Q2,15,2,1.0,,,2º dia,37.0,Taquarí,,40,X
939.0,269.0,-95.0,,Cerâmica,TQ/II/00039,SON15-Q2,15,2,2.0,,,2º dia,39.0,Taquarí,,41,X
20.0,290.0,-135.0,,Cerâmica,TQ/II/00040,SON11-Q1,11,1,3.0,,Borda,2º dia,40.0,Taquarí,,42,X
435.0,55.0,-83.0,,Cerâmica,TQ/II/00041,SON5-Q1,5,1,1.0,,,2º dia,41.0,Taquarí,,43,X
447.0,82.0,-83.0,,Cerâmica,TQ/II/00042,SON5-Q1,5,1,3.0,,,2º dia,42.0,Taquarí,,44,X
478.0,72.0,-83.0,,Cerâmica,TQ/II/00043,SON5-Q1,5,1,1.0,,,2º dia,43.0,Taquarí,,45,X
26.0,248.0,-123.0,,Cerâmica,TQ/II/00044,SON11-Q1,11,1,1.0,,"Borda, pintura",2º dia,44.0,Taquarí,,46,X
34.0,230.0,-126.0,,Cerâmica,TQ/II/00045,SON11-Q1,11,1,1.0,,,2º dia,45.0,Taquarí,,47,X
19.0,262.0,-130.0,,Cerâmica,TQ/II/00046,SON11-Q1,11,1,1.0,,,2º dia,48.0,Taquarí,,48,X
46.0,250.0,-135.0,,Cerâmica,TQ/II/00047,SON11-Q1,11,1,1.0,,,2º dia,49.0,Taquarí,,49,X
50.0,254.0,-135.0,,Cerâmica,TQ/II/00048,SON11-Q1,11,1,1.0,,,2º dia,50.0,Taquarí,,50,X
4.0,210.0,-136.0,,Cerâmica,TQ/II/00049,SON11-Q1,11,1,2.0,,,2º dia,51.0,Taquarí,,51,X
,,-10.0,20.0,Cerâmica,TQ/II/00050 ,SON25-Q4,25,4,2.0,Peneira,,4º dia,,Taquarí,,52,X
9.0,222.0,-132.0,,Cerâmica,TQ/II/00051,SON11-Q1,11,1,1.0,,,2º dia,53.0,Taquarí,,53,X
2.0,202.0,-133.0,,Cerâmica,TQ/II/00052,SON11-Q1,11,1,1.0,,Borda,2º dia,54.0,Taquarí,,54,X
,,0.0,,Cerâmica,TQ/II/00053,Errada,Errada,Errada,9.0,Sem sondagem,"Borda, fundo",4º dia,,Taquarí,,55,X
26.0,270.0,-128.0,,Cerâmica,TQ/II/00054,SON11-Q1,11,1,1.0,,,2º dia,56.0,Taquarí,,56,X
34.0,291.0,-132.0,,Cerâmica,TQ/II/00055,SON11-Q1,11,1,1.0,,,2º dia,57.0,Taquarí,,57,X
31.0,292.0,-131.0,,Cerâmica,TQ/II/00056,SON11-Q1,11,1,44.0,,,2º dia,58.0,Taquarí,,58,X
981.0,268.0,-104.0,,Cerâmica,TQ/II/00057,SON15-Q2,15,2,1.0,,,2º dia,59.0,Taquarí,,59,X
981.0,237.0,-140.0,,Cerâmica,TQ/II/00058,SON15-Q2,15,2,1.0,,,2º dia,60.0,Taquarí,,60,X
978.0,228.0,-160.0,,Cerâmica,TQ/II/00059,SON15-Q2,15,2,4.0,,Borda,2º dia,61.0,Taquarí,,61,X
957.0,221.0,-150.0,,Cerâmica,TQ/II/00060,SON15-Q2,15,2,5.0,,,2º dia,62.0,Taquarí,,62,X
937.0,231.0,-140.0,,Cerâmica,TQ/II/00061,SON15-Q2,15,2,10.0,,,2º dia,64.0,Taquarí,,63/64,X
922.0,281.0,-160.0,,Cerâmica,TQ/II/00062,SON15-Q2,15,2,1.0,,,2º dia,67.0,Taquarí,,65,X
905.0,222.0,-130.0,,Cerâmica,TQ/II/00063,SON15-Q2,15,2,1.0,,,2º dia,68.0,Taquarí,,66,X
948.0,268.0,-104.0,,Cerâmica,TQ/II/00064,SON15-Q2,15,2,1.0,,"Borda, pintura",2º dia,70.0,Taquarí,,67,X
944.0,259.0,-105.0,,Cerâmica,TQ/II/00065,SON15-Q2,15,2,1.0,,,2º dia,72.0,Taquarí,,68,X
940.0,295.0,-107.0,,Cerâmica,TQ/II/00066,SON15-Q2,15,2,1.0,,,2º dia,74.0,Taquarí,,69,X
436.0,44.0,-90.0,,Cerâmica,TQ/II/00067,SON5-Q1,5,1,1.0,,Borda,2º dia,75.0,Taquarí,,70,X
477.0,84.0,-83.0,,Cerâmica,TQ/II/00068,SON5-Q1,5,1,1.0,,,2º dia,77.0,Taquarí,,71,X
465.0,280.0,-108.0,,Cerâmica,TQ/II/00069,SON15-Q1,15,1,3.0,,"Borda, pintura",2º dia,79.0,Taquarí,,72,X
428.0,259.0,-111.0,,Cerâmica,TQ/II/00070,SON15-Q1,15,1,5.0,,"Borda, pintura",2º dia,80.0,Taquarí,,73,X
940.0,272.0,-98.0,,Cerâmica,TQ/II/00071,SON15-Q2,15,2,1.0,,,2º dia,82.0,Taquarí,,74,X
490.0,220.0,-112.0,,Cerâmica,TQ/II/00072,SON15-Q1,15,1,1.0,,,2º dia,83.0,Taquarí,,75,X
483.0,211.0,-105.0,,Cerâmica,TQ/II/00073,SON15-Q1,15,1,1.0,,,2º dia,84.0,Taquarí,,76,X
471.0,220.0,-104.0,,Cerâmica,TQ/II/00074,SON15-Q1,15,1,1.0,,,2º dia,85.0,Taquarí,,77,X
454.0,278.0,-105.0,,Cerâmica,TQ/II/00075,SON15-Q1,15,1,16.0,,Borda,2º dia,87.0,Taquarí,,78,X
950.0,278.0,-102.0,,Cerâmica,TQ/II/00076,SON15-Q2,15,2,5.0,,"Borda, pintura",2º dia,88.0,Taquarí,,79,X
960.0,263.0,-109.0,,Cerâmica,TQ/II/00077,SON15-Q2,15,2,1.0,,"Borda, pintura",2º dia,89.0,Taquarí,,80,X
950.0,252.0,-99.0,,Cerâmica,TQ/II/00078,SON15-Q2,15,2,2.0,,,2º dia,90.0,Taquarí,,81,X
446.0,69.0,-105.0,,Cerâmica,TQ/II/00079,SON5-Q1,5,1,1.0,,Borda,2º dia,91.0,Taquarí,,82,X
469.0,73.0,-89.0,,Cerâmica,TQ/II/00080,SON5-Q1,5,1,1.0,,,2º dia,92.0,Taquarí,,83,X
475.0,73.0,-90.0,,Cerâmica,TQ/II/00081,SON5-Q1,5,1,1.0,,,2º dia,93.0,Taquarí,,84,X
477.0,53.0,-93.0,,Cerâmica,TQ/II/00082,SON5-Q1,5,1,1.0,,"Borda, pintura",2º dia,94.0,Taquarí,,85,X
457.0,285.0,-121.0,,Cerâmica,TQ/II/00083,SON15-Q1,15,1,1.0,,,2º dia,96.0,Taquarí,,86,X
478.0,286.0,-121.0,,Cerâmica,TQ/II/00084,SON15-Q1,15,1,1.0,,,2º dia,97.0,Taquarí,,87,X
448.0,243.0,-117.0,,Cerâmica,TQ/II/00085,SON15-Q1,15,1,2.0,,,2º dia,98.0,Taquarí,,88,X
452.0,213.0,-120.0,,Cerâmica,TQ/II/00086,SON15-Q1,15,1,1.0,,"Borda, pintura",2º dia,99.0,Taquarí,,89,X
460.0,217.0,-121.0,,Cerâmica,TQ/II/00087,SON15-Q1,15,1,1.0,,,2º dia,100.0,Taquarí,,90,X
59.0,235.0,-135.0,,Cerâmica,TQ/II/00088,SON11-Q1,11,1,1.0,,,2º dia,101.0,Taquarí,,91,X
55.0,227.0,-138.0,,Cerâmica,TQ/II/00089,SON11-Q1,11,1,1.0,,Borda,2º dia,102.0,Taquarí,,92,X
,,0.0,15.0,Cerâmica,TQ/II/00090,SON15-Q2,15,2,7.0,Peneira,,3º dia,,Taquarí,,93,X
,,0.0,15.0,Cerâmica,TQ/II/00091,SON15-Q2,15,2,13.0,Peneira,,3º dia,,Taquarí,,94,X
,,0.0,15.0,Cerâmica,TQ/II/00092,SON15-Q2,15,2,4.0,Peneira,"Borda, pintura",3º dia,,Taquarí,,95,X
,,0.0,15.0,Cerâmica,TQ/II/00093,SON15-Q2,15,2,21.0,Peneira,"Borda, pintura",3º dia,,Taquarí,,96,X
,,-15.0,30.0,Cerâmica,TQ/II/00094,SON25-Q4,25,4,15.0,Peneira,Borda,3º dia,,Taquarí,,97,X
,,-15.0,30.0,Cerâmica,TQ/II/00095,SON5-Q1,5,1,2.0,Peneira,,3º dia,,Taquarí,,98,X
,,-15.0,30.0,Cerâmica,TQ/II/00096,SON25-Q4,25,4,4.0,Peneira,,3º dia,,Taquarí,,99,X
,,-15.0,30.0,Cerâmica,TQ/II/00097,SON25-Q3,25,3,27.0,Peneira,"Borda, pintura",3º dia,,Taquarí,,100/101,X
,,-15.0,30.0,Cerâmica,TQ/II/00098,SON5-Q1,5,1,5.0,Peneira,,3º dia,,Taquarí,,102,X
,,-15.0,30.0,Cerâmica,TQ/II/00099,SON15-Q1,15,1,7.0,Peneira,Borda,3º dia,,Taquarí,,103,X
,,-15.0,30.0,Cerâmica,TQ/II/00100,SON5-Q1,5,1,4.0,Peneira,Borda,3º dia,,Taquarí,,104,X
,,-10.0,20.0,Cerâmica,TQ/II/00101,SON25-Q5,25,5,12.0,Peneira,Borda,3º dia,,Taquarí,,105,X
,,-20.0,30.0,Cerâmica,TQ/II/00102,SON5-Q1,5,1,3.0,Peneira,,3º dia,,Taquarí,,106,X
,,-20.0,30.0,Cerâmica,TQ/II/00103,SON25-Q4,25,4,2.0,Peneira,,3º dia,,Taquarí,,107,X
,,-30.0,40.0,Cerâmica,TQ/II/00104,SON25-Q3,25,3,8.0,Peneira,Borda,3º dia,,Taquarí,,108,X
,,-30.0,40.0,Cerâmica,TQ/II/00105,SON5-Q1,5,1,11.0,Peneira,Borda,3º dia,,Taquarí,,109,X
,,-30.0,45.0,Cerâmica,TQ/II/00106,SON25-Q4,25,4,2.0,Peneira,,3º dia,,Taquarí,,110,X
,,-30.0,45.0,Cerâmica,TQ/II/00107,SON25-Q4,25,4,3.0,Peneira,Borda,3º dia,,Taquarí,,111,X
,,-30.0,45.0,Cerâmica,TQ/II/00108,SON25-Q5,25,5,1.0,Peneira,,3º dia,,Taquarí,,112,X
,,-30.0,45.0,Cerâmica,TQ/II/00109,SON25-Q4,25,4,1.0,Peneira,,3º dia,,Taquarí,,113,X
,,-30.0,45.0,Cerâmica,TQ/II/00110,SON25-Q3,25,3,13.0,Peneira,Borda,3º dia,,Taquarí,,114,X
,,-30.0,45.0,Cerâmica,TQ/II/00111,SON25-Q3,25,3,18.0,Peneira,Borda,3º dia,,Taquarí,,115,X
,,-45.0,50.0,Cerâmica,TQ/II/00112,SON11-Q1,11,1,1.0,Peneira,,3º dia,,Taquarí,,116,X
,,-45.0,60.0,Cerâmica,TQ/II/00113,SON11-Q1,11,1,1.0,Peneira,,3º dia,,Taquarí,,117,X
,,-50.0,60.0,Cerâmica,TQ/II/00114,SON11-Q1,11,1,18.0,Peneira,Borda,3º dia,,Taquarí,,118,X
,,-45.0,60.0,Cerâmica,TQ/II/00115,SON11-Q1,11,1,1.0,Peneira,,3º dia,,Taquarí,,119,X
,,-50.0,60.0,Cerâmica,TQ/II/00116,SON11-Q1,11,1,6.0,Peneira,,3º dia,,Taquarí,,120,X
,,-60.0,60.0,Cerâmica,TQ/II/00117,SON11-Q1,11,1,2.0,Peneira,,3º dia,,Taquarí,,121,X
,,-60.0,60.0,Cerâmica,TQ/II/00118,SON11-Q1,11,1,4.0,Peneira,"Borda, pintura",3º dia,,Taquarí,,122,X
,,0.0,,Cerâmica,TQ/II/00119,SON25-Q4,25,4,4.0,Peneira sem profundidade,,3º dia,,Taquarí,,123,X
,,0.0,,Cerâmica,TQ/II/00120,Poste,XXXXXXX,XXXXXXX,23.0,Sondagem poste,"Borda, pintura",3º dia,,Taquarí,,124,X
30.0,297.0,-129.0,,Cerâmica,TQ/II/00121,SON11-Q1,11,1,1.0,,"Borda grande, grafismo",3º dia,,Taquarí,,125,X
977.0,238.0,-88.0,,Cerâmica,TQ/II/00122,SON15-Q2,15,2,2.0,,,4º dia,104.0,Taquarí,,126,X
952.0,257.0,-94.0,,Cerâmica,TQ/II/00123,SON15-Q2,15,2,1.0,,,4º dia,105.0,Taquarí,,127,X
977.0,210.0,-94.0,,Cerâmica,TQ/II/00124,SON15-Q2,15,2,1.0,,,4º dia,106.0,Taquarí,,128,X
956.0,230.0,-97.0,,Cerâmica,TQ/II/00125,SON15-Q2,15,2,2.0,,,4º dia,107.0,Taquarí,,129,X
4.0,294.0,-130.0,,Cerâmica,TQ/II/00126,SON11-Q1,11,1,4.0,,Borda,4º dia,108.0,Taquarí,,130,X
987.0,244.0,-110.0,,Cerâmica,TQ/II/00127,SON15-Q2,15,2,3.0,,,4º dia,109.0,Taquarí,,131,X
426.0,215.0,-124.0,,Cerâmica,TQ/II/00128,SON15-Q1,15,1,4.0,,,4º dia,112.0,Taquarí,,132,X
430.0,270.0,-124.0,,Cerâmica,TQ/II/00129,SON15-Q1,15,1,7.0,,,4º dia,113.0,Taquarí,,133/134,X
985.0,204.0,-100.0,,Cerâmica,TQ/II/00130,SON15-Q2,15,2,1.0,,,4º dia,114.0,Taquarí,,135,X
955.0,206.0,-100.0,,Cerâmica,TQ/II/00131,SON15-Q2,15,2,3.0,,"Borda, pintura",4º dia,115.0,Taquarí,,136,X
20.0,286.0,-129.0,,Cerâmica,TQ/II/00132,SON11-Q1,11,1,1.0,,,4º dia,116.0,Taquarí,,137,X
487.0,237.0,-124.0,,Cerâmica,TQ/II/00133,SON15-Q1,15,1,3.0,,,4º dia,117.0,Taquarí,,138,X
477.0,259.0,-124.0,,Cerâmica,TQ/II/00134,SON15-Q1,15,1,1.0,,,4º dia,118.0,Taquarí,,139,X
487.0,288.0,-125.0,,Cerâmica,TQ/II/00135,SON15-Q1,15,1,15.0,,,4º dia,120.0,Taquarí,,140,X
937.0,278.0,-102.0,,Cerâmica,TQ/II/00136,SON15-Q2,15,2,2.0,,,4º dia,121.0,Taquarí,,141,X
485.0,275.0,-122.0,,Cerâmica,TQ/II/00137,SON15-Q1,15,1,11.0,,"Borda, pintura, grafismo",4º dia,125.0,Taquarí,,142,X
955.0,271.0,-101.0,,Cerâmica,TQ/II/00138,SON15-Q2,15,2,1.0,,,4º dia,126.0,Taquarí,,143,X
486.0,23.0,-95.0,,Cerâmica,TQ/II/00139,SON5-Q1,5,1,2.0,,,4º dia,127.0,Taquarí,,144,X
482.0,36.0,-98.0,,Cerâmica,TQ/II/00140,SON5-Q1,5,1,1.0,,,4º dia,128.0,Taquarí,,145,X
464.0,30.0,-99.0,,Cerâmica,TQ/II/00141,SON5-Q1,5,1,2.0,,,4º dia,129.0,Taquarí,,146,X
457.0,49.0,-94.0,,Cerâmica,TQ/II/00142,SON5-Q1,5,1,1.0,,,4º dia,131.0,Taquarí,,147,X
450.0,34.0,-96.0,,Cerâmica,TQ/II/00143,SON5-Q1,5,1,2.0,,,4º dia,132.0,Taquarí,,148,X
430.0,44.0,-88.0,,Cerâmica,TQ/II/00144,SON5-Q1,5,1,1.0,,,4º dia,133.0,Taquarí,,149,X
433.0,46.0,-86.0,,Cerâmica,TQ/II/00145,SON5-Q1,5,1,2.0,,,4º dia,134.0,Taquarí,,150,X
435.0,80.0,-90.0,,Cerâmica,TQ/II/00146,SON5-Q1,5,1,4.0,,Borda,4º dia,135.0,Taquarí,,151,X
425.0,80.0,-87.0,,Cerâmica,TQ/II/00147,SON5-Q1,5,1,7.0,,"Borda, pintura",4º dia,136.0,Taquarí,,152,X
468.0,76.0,-98.0,,Cerâmica,TQ/II/00148,SON5-Q1,5,1,11.0,,"Borda, pintura",4º dia,137.0,Taquarí,,153,X
481.0,82.0,-83.0,,Cerâmica,TQ/II/00149,SON5-Q1,5,1,4.0,,,4º dia,138.0,Taquarí,,154,X
489.0,76.0,-100.0,,Cerâmica,TQ/II/00150,SON5-Q1,5,1,2.0,,,4º dia,141.0,Taquarí,,155,X
489.0,76.0,-100.0,,Cerâmica,TQ/II/00151,SON5-Q1,5,1,4.0,,,4º dia,142.0,Taquarí,,156,X
420.0,44.0,-90.0,,Cerâmica,TQ/II/00152,SON5-Q1,5,1,2.0,,,4º dia,143.0,Taquarí,,157,X
,,-15.0,30.0,Cerâmica,TQ/II/00153,SON15-Q2,15,2,7.0,Peneira,"Borda, pintura",4º dia,,Taquarí,,158,X
,,-15.0,30.0,Cerâmica,TQ/II/00154,SON15-Q2,15,2,14.0,Peneira,Borda,4º dia,,Taquarí,,159,X
,,-50.0,60.0,Cerâmica,TQ/II/00155,SON11-Q1,11,1,12.0,Peneira,,4º dia,,Taquarí,,160,X
,,-15.0,30.0,Cerâmica,TQ/II/00156,SON15-Q1,15,1,3.0,Peneira,,4º dia,,Taquarí,,161,X
,,0.0,,Cerâmica,TQ/II/00157,Superficial,Superficial,Superficial,8.0,Coleta superficial,"Borda, pintura",4º dia,,Taquarí,,162,X
489.0,127.0,-79.0,,Cerâmica,TQ/II/00158,SON10-Q1,10,1,1.0,,,2017-12-01 00:00:00,,Taquarí,,,
955.0,403.0,-94.0,,Cerâmica,TQ/II/00159,SON25-Q2?,25,2,2.0,,,2017-12-01 00:00:00,,Taquarí,,,
680.0,265.0,-91.0,,Cerâmica,TQ/II/00160,SON12-Q2,12,2,1.0,,,2017-12-01 00:00:00,,Taquarí,,,
431.0,58.0,-90.0,,Cerâmica,TQ/II/00161,SON5-Q1,5,1,1.0,,,2017-12-01 00:00:00,,Taquarí,,,
757.0,242.0,-91.0,,Cerâmica,TQ/II/00162,SON13-Q2,13,2,1.0,,,2017-12-01 00:00:00,,Taquarí,,,
700.0,215.0,-100.0,,Cerâmica,TQ/II/00163,SON13-Q2,13,2,1.0,,,2017-12-01 00:00:00,,Taquarí,,,
784.0,223.0,-92.0,,Cerâmica,TQ/II/00164,SON13-Q2,13,2,2.0,Estava junto com os ossos,,2017-12-01 00:00:00,,Taquarí,,,
,,-70.0,80.0,Cerâmica,TQ/II/00165,SON10-Q1,10,1,1.0,Peneira,,2017-12-01 00:00:00,,Taquarí,,,
737.0,223.0,-93.0,,Cerâmica,TQ/II/00166,SON13-Q2,13,2,1.0,,,2017-12-01 00:00:00,,Taquarí,,,
788.0,217.0,-90.0,,Cerâmica,TQ/II/00167,SON13-Q2,13,2,1.0,,,2017-12-01 00:00:00,,Taquarí,,,
770.0,210.0,-105.0,,Cerâmica,TQ/II/00168,SON13-Q2,13,2,2.0,,,2017-12-01 00:00:00,,Taquarí,,,
863.0,217.0,-104.0,,Cerâmica,TQ/II/00169,SON14-Q2,14,2,1.0,,,2017-12-01 00:00:00,,Taquarí,,,
488.0,141.0,-93.0,,Cerâmica,TQ/II/00170,SON10-Q1,10,1,1.0,,,2017-12-01 00:00:00,,Taquarí,,,
798.0,205.0,-91.0,,Cerâmica,TQ/II/00171,SON13-Q2,13,2,3.0,,,2017-12-01 00:00:00,,Taquarí,,,
742.0,210.0,-102.0,,Cerâmica,TQ/II/00172,SON13-Q2,13,2,2.0,,,2017-12-01 00:00:00,,Taquarí,,,
870.0,283.0,-98.0,,Cerâmica,TQ/II/00173,SON14-Q2,14,2,1.0,,,2017-12-01 00:00:00,,Taquarí,,,
799.0,262.0,-88.0,,Cerâmica,TQ/II/00174,SON13-Q2,13,2,1.0,,,2017-12-01 00:00:00,,Taquarí,,,
474.0,100.0,-80.0,,Cerâmica,TQ/II/00175,SON10-Q1,10,1,1.0,,,2017-12-01 00:00:00,,Taquarí,,,
870.0,245.0,-98.0,,Cerâmica,TQ/II/00176,SON14-Q2,14,2,1.0,,,2017-12-01 00:00:00,,Taquarí,,,
476.0,110.0,-89.0,,Cerâmica,TQ/II/00177,SON10-Q1,10,1,1.0,,,2017-12-01 00:00:00,,Taquarí,,,
740.0,260.0,-109.0,,Cerâmica,TQ/II/00178,SON13-Q2,13,2,2.0,,,2017-12-01 00:00:00,,Taquarí,,,
799.0,270.0,-104.0,,Cerâmica,TQ/II/00179,SON13-Q2,13,2,1.0,,,2017-12-01 00:00:00,,Taquarí,,,
764.0,240.0,-95.0,,Cerâmica,TQ/II/00180,SON13-Q2,13,2,1.0,,,2017-12-01 00:00:00,,Taquarí,,,
777.0,200.0,-98.0,,Cerâmica,TQ/II/00181,SON13-Q2,13,2,1.0,,,2017-12-01 00:00:00,,Taquarí,,,
499.0,161.0,-94.0,,Cerâmica,TQ/II/00182,SON10-Q1,10,1,1.0,,,2017-12-01 00:00:00,,Taquarí,,,
470.0,129.0,-84.0,,Cerâmica,TQ/II/00183,SON10-Q1,10,1,1.0,,,2017-12-01 00:00:00,,Taquarí,,,
444.0,195.0,-84.0,,Cerâmica,TQ/II/00184,SON10-Q1,10,1,1.0,,,2017-12-01 00:00:00,,Taquarí,,,
664.0,269.0,-100.0,,Cerâmica,TQ/II/00185,SON12-Q2,12,2,1.0,,,2017-12-01 00:00:00,,Taquarí,,,
400.0,89.0,-89.0,,Cerâmica,TQ/II/00186,SON5-Q1,5,1,1.0,,,2017-12-01 00:00:00,,Taquarí,,,
400.0,194.0,-92.0,,Cerâmica,TQ/II/00187,SON10-Q1,10,1,1.0,,,2017-12-01 00:00:00,,Taquarí,,,
755.0,228.0,-101.0,,Cerâmica,TQ/II/00188,SON13-Q2,13,2,1.0,,,2017-12-01 00:00:00,,Taquarí,,,
443.0,77.0,-90.0,,Cerâmica,TQ/II/00189,SON5-Q1,5,1,1.0,,,2017-12-01 00:00:00,,Taquarí,,,
860.0,270.0,-103.0,,Cerâmica,TQ/II/00190,SON14-Q2,14,2,4.0,,,2017-12-01 00:00:00,,Taquarí,,,
470.0,194.0,-101.0,,Cerâmica,TQ/II/00191,SON10-Q1,10,1,1.0,,,2017-12-01 00:00:00,,Taquarí,,,
454.0,203.0,-116.0,,Cerâmica,TQ/II/00192,SON15-Q1,15,1,1.0,,,2017-12-01 00:00:00,,Taquarí,,,
727.0,270.0,-103.0,,Cerâmica,TQ/II/00193,SON13-Q2,13,2,1.0,,,2017-12-01 00:00:00,,Taquarí,,,
849.0,230.0,-104.0,,Cerâmica,TQ/II/00194,SON14-Q2,14,2,1.0,,,2017-12-01 00:00:00,,Taquarí,,,
940.0,277.0,-108.0,,Cerâmica,TQ/II/00195,SON15-Q2,15,2,1.0,,,2017-12-01 00:00:00,,Taquarí,,,
973.0,205.0,-104.0,,Cerâmica,TQ/II/00196,SON15-Q2,15,2,1.0,,,2017-12-01 00:00:00,,Taquarí,,,
713.0,230.0,-109.0,,Cerâmica,TQ/II/00197,SON13-Q2,13,2,1.0,,,2017-12-01 00:00:00,,Taquarí,,,
800.0,209.0,-78.0,,Cerâmica,TQ/II/00198,SON13-Q2,13,2,1.0,,,2017-12-01 00:00:00,,Taquarí,,,
745.0,201.0,-103.0,,Cerâmica,TQ/II/00199,SON13-Q2,13,2,1.0,,,2017-12-01 00:00:00,,Taquarí,,,
586.0,232.0,-15.0,,Cerâmica,TQ/II/00200,SON11-Q2,11,2,2.0,,,2017-12-01 00:00:00,,Taquarí,,,
431.0,22.0,-97.0,,Cerâmica,TQ/II/00201,SON5-Q1,5,1,1.0,,,2017-12-01 00:00:00,,Taquarí,,,
897.0,296.0,-87.0,,Cerâmica,TQ/II/00202,SON14-Q2,14,2,3.0,,,2017-12-01 00:00:00,,Taquarí,,,
635.0,287.0,-105.0,,Cerâmica,TQ/II/00203,SON12-Q2,12,2,1.0,,,2017-12-01 00:00:00,,Taquarí,,,
10.0,287.0,-127.0,,Cerâmica,TQ/II/00204,SON11-Q1,11,1,2.0,,,2017-12-01 00:00:00,,Taquarí,,,
,,0.0,,Cerâmica,TQ/II/00205,Errada,Errada,Errada,1.0,"Plotagem errada (SON3-Q2 [55, 10, 90])",,2017-12-01 00:00:00,,Taquarí,,,
459.0,185.0,-84.0,,Cerâmica,TQ/II/00206,SON10-Q1,10,1,2.0,,,2017-12-01 00:00:00,,Taquarí,,,
,,-80.0,90.0,Cerâmica,TQ/II/00207,SON5-Q1,5,1,7.0,Peneira,,2017-12-01 00:00:00,,Taquarí,,,
869.0,204.0,-103.0,,Cerâmica,TQ/II/00208,SON14-Q2,14,2,1.0,,,2017-12-01 00:00:00,,Taquarí,,,
959.0,299.0,-106.0,,Cerâmica,TQ/II/00209,SON15-Q2,15,2,1.0,,,2017-12-01 00:00:00,,Taquarí,,,
863.0,293.0,-94.0,,Cerâmica,TQ/II/00210,SON14-Q2,14,2,1.0,,,2017-12-01 00:00:00,,Taquarí,,,
905.0,295.0,-103.0,,Cerâmica,TQ/II/00211,SON15-Q2,15,2,1.0,,,2017-12-01 00:00:00,,Taquarí,,,
784.0,206.0,-102.0,,Cerâmica,TQ/II/00212,SON13-Q2,13,2,1.0,,,2017-12-01 00:00:00,,Taquarí,,,
610.0,272.0,-113.0,,Cerâmica,TQ/II/00213,SON12-Q2,12,2,2.0,,,2017-12-01 00:00:00,,Taquarí,,,
660.0,255.0,-108.0,,Cerâmica,TQ/II/00214,SON12-Q2,12,2,2.0,,,2017-12-01 00:00:00,,Taquarí,,,
,,0.0,,Cerâmica,TQ/II/00215,Errada,Errada,Errada,1.0,"Sem sondagem ([60, 40, 96])",Marca de carvão na face interna,2017-12-01 00:00:00,,Taquarí,,,
719.0,252.0,-109.0,,Cerâmica,TQ/II/00216,SON13-Q2,13,2,1.0,,,2017-12-01 00:00:00,,Taquarí,,,
850.0,232.0,-102.0,,Cerâmica,TQ/II/00217,SON14-Q2,14,2,1.0,,,2017-12-01 00:00:00,,Taquarí,,,
786.0,250.0,-92.0,,Cerâmica,TQ/II/00218,SON13-Q2,13,2,2.0,,,2017-12-01 00:00:00,,Taquarí,,,
851.0,212.0,-108.0,,Cerâmica,TQ/II/00219,SON14-Q2,14,2,2.0,,,2017-12-01 00:00:00,,Taquarí,,,
707.0,205.0,-95.0,,Cerâmica,TQ/II/00220,SON13-Q2,13,2,1.0,,,2017-12-01 00:00:00,,Taquarí,,,
648.0,222.0,-112.0,,Cerâmica,TQ/II/00221,SON12-Q2,12,2,1.0,,,2017-12-01 00:00:00,,Taquarí,,,
680.0,215.0,-87.0,,Cerâmica,TQ/II/00222,SON12-Q2,12,2,1.0,,,2017-12-01 00:00:00,,Taquarí,,,
520.0,255.0,-98.0,,Cerâmica,TQ/II/00223,SON11-Q2,11,2,1.0,,,2017-12-01 00:00:00,,Taquarí,,,
682.0,232.0,-96.0,,Cerâmica,TQ/II/00224,SON12-Q2,12,2,1.0,,,2017-12-01 00:00:00,,Taquarí,,,
487.0,36.0,-84.0,,Cerâmica,TQ/II/00225,SON5-Q1,5,1,1.0,,,2017-12-01 00:00:00,,Taquarí,,,
625.0,218.0,-98.0,,Cerâmica,TQ/II/00226,SON12-Q2,12,2,1.0,,,2017-12-01 00:00:00,,Taquarí,,,
404.0,44.0,-80.0,,Cerâmica,TQ/II/00227,SON5-Q1,5,1,1.0,,,2017-12-01 00:00:00,,Taquarí,,,
464.0,145.0,-73.0,,Cerâmica,TQ/II/00228,SON10-Q1,10,1,1.0,,,2017-12-01 00:00:00,,Taquarí,,,
480.0,125.0,-89.0,,Cerâmica,TQ/II/00229,SON10-Q1,10,1,1.0,,,2017-12-01 00:00:00,,Taquarí,,,
751.0,242.0,-98.0,,Cerâmica,TQ/II/00230,SON13-Q2,13,2,1.0,,,2017-12-01 00:00:00,,Taquarí,,,
644.0,213.0,-112.0,,Cerâmica,TQ/II/00231,SON12-Q2,12,2,1.0,,,2017-12-01 00:00:00,,Taquarí,,,
,,-100.0,120.0,Cerâmica,TQ/II/00232,SON10-Q1,10,1,2.0,Peneira,,2017-12-01 00:00:00,,Taquarí,,,
20.0,215.0,-154.0,,Cerâmica,TQ/II/00233,SON11-Q1,11,1,1.0,,,2017-12-01 00:00:00,,Taquarí,,,
20.0,286.0,-123.0,,Cerâmica,TQ/II/00234,SON11-Q1,11,1,1.0,,,2017-12-01 00:00:00,,Taquarí,,,
454.0,17.0,-85.0,,Cerâmica,TQ/II/00235,SON5-Q1,5,1,2.0,,,2017-12-01 00:00:00,,Taquarí,,,
787.0,244.0,-84.0,,Cerâmica,TQ/II/00236,SON13-Q2,13,2,1.0,,,2017-12-01 00:00:00,,Taquarí,,,
713.0,252.0,-109.0,,Cerâmica,TQ/II/00237,SON13-Q2,13,2,2.0,,,2017-12-01 00:00:00,,Taquarí,,,
783.0,208.0,-99.0,,Cerâmica,TQ/II/00238,SON13-Q2,13,2,1.0,,,2017-12-01 00:00:00,,Taquarí,,,
684.0,212.0,-93.0,,Cerâmica,TQ/II/00239,SON12-Q2,12,2,4.0,,,2017-12-01 00:00:00,,Taquarí,,,
585.0,280.0,-84.0,,Cerâmica,TQ/II/00240,SON11-Q2,11,2,1.0,,,2017-12-01 00:00:00,,Taquarí,,,
13.0,276.0,-134.0,,Cerâmica,TQ/II/00241,SON11-Q1,11,1,1.0,,,2017-12-01 00:00:00,,Taquarí,,,
844.0,223.0,-108.0,,Cerâmica,TQ/II/00242,SON14-Q2,14,2,1.0,,,2017-12-01 00:00:00,,Taquarí,,,
883.0,213.0,-108.0,,Cerâmica,TQ/II/00243,SON14-Q2,14,2,1.0,,,2017-12-01 00:00:00,,Taquarí,,,
808.0,290.0,-99.0,,Cerâmica,TQ/II/00244,SON14-Q2,14,2,1.0,,,2017-12-01 00:00:00,,Taquarí,,,
900.0,283.0,-100.0,,Cerâmica,TQ/II/00245,SON15-Q2,15,2,1.0,,,2017-12-01 00:00:00,,Taquarí,,,
440.0,16.0,-89.0,,Cerâmica,TQ/II/00246,SON5-Q1,5,1,1.0,,,2017-12-01 00:00:00,,Taquarí,,,
460.0,26.0,-94.0,,Cerâmica,TQ/II/00247,SON5-Q1,5,1,1.0,,,2017-12-01 00:00:00,,Taquarí,,,
783.0,233.0,-103.0,,Cerâmica,TQ/II/00248,SON13-Q2,13,2,1.0,,,2017-12-01 00:00:00,,Taquarí,,,
471.0,135.0,-93.0,,Cerâmica,TQ/II/00249,SON10-Q1,10,1,1.0,,,2017-12-01 00:00:00,,Taquarí,,,
65.0,276.0,-134.0,,Cerâmica,TQ/II/00250,SON11-Q1,11,1,1.0,,,2017-12-01 00:00:00,,Taquarí,,,
878.0,268.0,-98.0,,Cerâmica,TQ/II/00251,SON14-Q2,14,2,1.0,,,2017-12-01 00:00:00,,Taquarí,,,
475.0,158.0,-92.0,,Cerâmica,TQ/II/00252,SON10-Q1,10,1,1.0,,,2017-12-01 00:00:00,,Taquarí,,,
744.0,209.0,-92.0,,Cerâmica,TQ/II/00253,SON13-Q2,13,2,1.0,,,2017-12-01 00:00:00,,Taquarí,,,
875.0,295.0,-92.0,,Cerâmica,TQ/II/00254,SON14-Q2,14,2,1.0,,,2017-12-01 00:00:00,,Taquarí,,,
906.0,281.0,-108.0,,Cerâmica,TQ/II/00255,SON15-Q2,15,2,2.0,,,2017-12-01 00:00:00,,Taquarí,,,
,,0.0,,Cerâmica,TQ/II/00256,Fortuita,Fortuita,Fortuita,3.0,"Coleta fortuita, obs. no caderno",,2017-12-01 00:00:00,,Taquarí,,,
463.0,39.0,-87.0,,Cerâmica,TQ/II/00257,SON5-Q1,5,1,1.0,,,2017-12-01 00:00:00,,Taquarí,,,
794.0,243.0,-83.0,,Cerâmica,TQ/II/00258,SON13-Q2,13,2,2.0,,,2017-12-01 00:00:00,,Taquarí,,,
724.0,270.0,-107.0,,Cerâmica,TQ/II/00259,SON13-Q2,13,2,2.0,,,2017-12-01 00:00:00,,Taquarí,,,
970.0,272.0,-111.0,,Cerâmica,TQ/II/00260,SON15-Q2,15,2,2.0,,,2017-12-01 00:00:00,,Taquarí,,,
451.0,150.0,-94.0,,Cerâmica,TQ/II/00261,SON10-Q1,10,1,2.0,,,2017-12-01 00:00:00,,Taquarí,,,
797.0,221.0,-106.0,,Cerâmica,TQ/II/00262,SON13-Q2,13,2,1.0,,,2017-12-01 00:00:00,,Taquarí,,,
470.0,183.0,-85.0,,Cerâmica,TQ/II/00263,SON10-Q1,10,1,1.0,,,2017-12-01 00:00:00,,Taquarí,,,
829.0,275.0,-104.0,,Cerâmica,TQ/II/00264,SON14-Q2,14,2,1.0,,,2017-12-01 00:00:00,,Taquarí,,,
744.0,240.0,-104.0,,Cerâmica,TQ/II/00265,SON13-Q2,13,2,1.0,,,2017-12-01 00:00:00,,Taquarí,,,
736.0,245.0,-105.0,,Cerâmica,TQ/II/00266,SON13-Q2,13,2,1.0,,,2017-12-01 00:00:00,,Taquarí,,,
685.0,225.0,-92.0,,Cerâmica,TQ/II/00267,SON12-Q2,12,2,3.0,,,2017-12-01 00:00:00,,Taquarí,,,
409.0,284.0,-122.0,,Cerâmica,TQ/II/00268,SON15-Q1,15,1,1.0,,,2017-12-01 00:00:00,,Taquarí,,,
778.0,244.0,-91.0,,Cerâmica,TQ/II/00269,SON13-Q2,13,2,1.0,,,2017-12-01 00:00:00,,Taquarí,,,
,,0.0,,Cerâmica,TQ/II/00270,Fortuita,Fortuita,Fortuita,1.0,Coleta fortuita,,2017-12-01 00:00:00,,Taquarí,,,
,,0.0,,Cerâmica,TQ/II/00271,Errada,Errada,Errada,2.0,"Peneira, sem sondagem ([70-80])",Sedimento que caiu da parede,2017-12-01 00:00:00,,Taquarí,,,
479.0,145.0,-90.0,,Cerâmica,TQ/II/00272,SON10-Q1,10,1,4.0,,,2017-12-01 00:00:00,,Taquarí,,,
,,-150.0,160.0,Cerâmica,TQ/II/00273,SON11-Q1,11,1,5.0,Peneira,,2017-12-01 00:00:00,,Taquarí,,,
711.0,206.0,-94.0,,Cerâmica,TQ/II/00274,SON13-Q2,13,2,1.0,,,2017-12-01 00:00:00,,Taquarí,,,
730.0,213.0,-92.0,,Cerâmica,TQ/II/00275,SON13-Q2,13,2,1.0,,,2017-12-01 00:00:00,,Taquarí,,,
417.0,47.0,-84.0,,Cerâmica,TQ/II/00276,SON5-Q1,5,1,1.0,,,2017-12-01 00:00:00,,Taquarí,,,
480.0,230.0,-77.0,,Cerâmica,TQ/II/00277,SON15-Q1,15,1,1.0,,,2017-12-01 00:00:00,,Taquarí,,,
690.0,295.0,-90.0,,Cerâmica,TQ/II/00278,SON12-Q2,12,2,1.0,,,2017-12-01 00:00:00,,Taquarí,,,
733.0,197.0,-93.0,,Cerâmica,TQ/II/00279,SON13-Q2,13,2,1.0,,,2017-12-01 00:00:00,,Taquarí,,,
794.0,227.0,-82.0,,Cerâmica,TQ/II/00280,SON13-Q2,13,2,1.0,,,2017-12-01 00:00:00,,Taquarí,,,
650.0,250.0,-100.0,,Cerâmica,TQ/II/00281,SON12-Q2,12,2,5.0,,,2017-12-01 00:00:00,,Taquarí,,,
476.0,180.0,-89.0,,Cerâmica,TQ/II/00282,SON10-Q1,10,1,1.0,,,2017-12-01 00:00:00,,Taquarí,,,
685.0,215.0,-100.0,,Cerâmica,TQ/II/00283,SON12-Q2,12,2,1.0,,,2017-12-01 00:00:00,,Taquarí,,,
497.0,188.0,-97.0,,Cerâmica,TQ/II/00284,SON10-Q1,10,1,4.0,,,2017-12-01 00:00:00,,Taquarí,,,
715.0,212.0,-90.0,,Cerâmica,TQ/II/00285,SON13-Q2,13,2,1.0,,,2017-12-01 00:00:00,,Taquarí,,,
424.0,72.0,-87.0,,Cerâmica,TQ/II/00286,SON5-Q1,5,1,1.0,,,2017-12-01 00:00:00,,Taquarí,,,
795.0,228.0,-88.0,,Cerâmica,TQ/II/00287,SON13-Q2,13,2,2.0,,,2017-12-01 00:00:00,,Taquarí,,,
715.0,235.0,-100.0,,Cerâmica,TQ/II/00288,SON13-Q2,13,2,3.0,,,2017-12-01 00:00:00,,Taquarí,,,
,,-105.0,110.0,Cerâmica,TQ/II/00289,SON13-Q2,13,2,3.0,Peneira,,2017-12-01 00:00:00,,Taquarí,,,
820.0,265.0,-85.0,,Cerâmica,TQ/II/00290,SON14-Q2,14,2,2.0,,,2017-12-01 00:00:00,,Taquarí,,,
625.0,246.0,-100.0,,Cerâmica,TQ/II/00291,SON12-Q2,12,2,5.0,,,2017-12-01 00:00:00,,Taquarí,,,
407.0,33.0,-97.0,,Cerâmica,TQ/II/00292,SON5-Q1,5,1,1.0,,,2017-12-01 00:00:00,,Taquarí,,,
891.0,278.0,-94.0,,Cerâmica,TQ/II/00293,SON14-Q2,14,2,1.0,,,2017-12-01 00:00:00,,Taquarí,,,
,,-95.0,105.0,Cerâmica,TQ/II/00294,SON13-Q2,13,2,5.0,Peneira,,2017-12-01 00:00:00,,Taquarí,,,
873.0,295.0,-90.0,,Cerâmica,TQ/II/00295,SON14-Q2,14,2,1.0,,,2017-12-01 00:00:00,,Taquarí,,,
890.0,276.0,-102.0,,Cerâmica,TQ/II/00296,SON14-Q2,14,2,1.0,,,2017-12-01 00:00:00,,Taquarí,,,
,,-90.0,100.0,Cerâmica,TQ/II/00297,SON13-Q2,13,2,1.0,Peneira,,2017-12-01 00:00:00,,Taquarí,,,
,,0.0,,Cerâmica,TQ/II/00298,SON10-Q1,10,1,1.0,Peneira sem profundidade,,2017-12-01 00:00:00,,Taquarí,,,
688.0,205.0,-88.0,,Cerâmica,TQ/II/00299,SON12-Q2,12,2,3.0,,,2017-12-01 00:00:00,,Taquarí,,,
855.0,245.0,-102.0,,Cerâmica,TQ/II/00300,SON14-Q2,14,2,1.0,,,2017-12-01 00:00:00,,Taquarí,,,
649.0,269.0,-95.0,,Cerâmica,TQ/II/00301,SON12-Q2,12,2,1.0,,,2017-12-01 00:00:00,,Taquarí,,,
,,-50.0,60.0,Cerâmica,TQ/II/00302,SON5-Q1,5,1,1.0,Peneira,“Nível do solo”?,2017-12-01 00:00:00,,Taquarí,,,
847.0,202.0,-106.0,,Cerâmica,TQ/II/00303,SON14-Q2,14,2,1.0,,,2017-12-01 00:00:00,,Taquarí,,,
863.0,207.0,-105.0,,Cerâmica,TQ/II/00304,SON14-Q2,14,2,2.0,,,2017-12-01 00:00:00,,Taquarí,,,
765.0,265.0,-94.0,,Cerâmica,TQ/II/00305,SON13-Q2,13,2,2.0,,,2017-12-01 00:00:00,,Taquarí,,,
,,-100.0,110.0,Cerâmica,TQ/II/00306,SON13-Q2,13,2,3.0,Peneira,,2017-12-01 00:00:00,,Taquarí,,,
713.0,272.0,-101.0,,Cerâmica,TQ/II/00307,SON13-Q2,13,2,2.0,,,2017-12-01 00:00:00,,Taquarí,,,
,,-100.0,110.0,Cerâmica,TQ/II/00308,SON12-Q2,12,2,6.0,Peneira,,2017-12-01 00:00:00,,Taquarí,,,
767.0,282.0,-97.0,,Cerâmica,TQ/II/00309,SON13-Q2,13,2,1.0,,,2017-12-01 00:00:00,,Taquarí,,,
784.0,280.0,-96.0,,Cerâmica,TQ/II/00310,SON13-Q2,13,2,10.0,,,2017-12-01 00:00:00,,Taquarí,,,
,,-90.0,100.0,Cerâmica,TQ/II/00311,SON10-Q1,10,1,1.0,Peneira,Dois barros cozidos,2017-12-01 00:00:00,,Taquarí,,,
794.0,237.0,-90.0,,Cerâmica,TQ/II/00312,SON13-Q2,13,2,1.0,,,2017-12-01 00:00:00,,Taquarí,,,
,,-90.0,100.0,Cerâmica,TQ/II/00313,SON13-Q2,13,2,10.0,Peneira,,2017-12-01 00:00:00,,Taquarí,,,
,,-80.0,90.0,Cerâmica,TQ/II/00314,SON10-Q1,10,1,11.0,Peneira,,2017-12-01 00:00:00,,Taquarí,,,
,,-100.0,110.0,Cerâmica,TQ/II/00315,SON13-Q2,13,2,23.0,Peneira,,2017-12-01 00:00:00,,Taquarí,,,
,,-80.0,90.0,Cerâmica,TQ/II/00316,SON10-Q1,10,1,21.0,Peneira,,2017-12-01 00:00:00,,Taquarí,,,
500.0,194.0,-90.0,,Cerâmica,TQ/II/00317,SON10-Q1,10,1,6.0,,,2017-12-01 00:00:00,,Taquarí,,,
900.0,244.0,-108.0,,Cerâmica,TQ/II/00318,SON14-Q2,14,2,5.0,,,2017-12-01 00:00:00,,Taquarí,,,
,,-90.0,100.0,Cerâmica,TQ/II/00319,SON13-Q2,13,2,4.0,Peneira,,2017-12-01 00:00:00,,Taquarí,,,
,,0.0,,Cerâmica,TQ/II/00320,SON13-Q2,13,2,7.0,Peneira sem profundidade,,2017-12-01 00:00:00,,Taquarí,,,
428.0,55.0,-84.0,,Cerâmica,TQ/II/00321,SON5-Q1,5,1,1.0,,,2017-12-01 00:00:00,,Taquarí,,,
,,-110.0,120.0,Cerâmica,TQ/II/00322,SON14-Q2,14,2,3.0,Peneira,,2017-12-01 00:00:00,,Taquarí,,,
483.0,162.0,-93.0,,Cerâmica,TQ/II/00323,SON10-Q1,10,1,2.0,,,2017-12-01 00:00:00,,Taquarí,,,
,,-40.0,50.0,Cerâmica,TQ/II/00324,SON13-Q2,13,2,4.0,Peneira,,2017-12-01 00:00:00,,Taquarí,,,
840.0,295.0,-85.0,,Cerâmica,TQ/II/00325,SON14-Q2,14,2,4.0,,,2017-12-01 00:00:00,,Taquarí,,,
478.0,158.0,-91.0,,Cerâmica,TQ/II/00326,SON10-Q1,10,1,1.0,,,2017-12-01 00:00:00,,Taquarí,,,
790.0,235.0,-100.0,,Cerâmica,TQ/II/00327,SON13-Q2,13,2,2.0,,,2017-12-01 00:00:00,,Taquarí,,,
,,-90.0,100.0,Cerâmica,TQ/II/00328,SON5-Q1,5,1,11.0,Peneira,,2017-12-01 00:00:00,,Taquarí,,,
660.0,290.0,-96.0,,Cerâmica,TQ/II/00329,SON12-Q2,12,2,4.0,,,2017-12-01 00:00:00,,Taquarí,,,
876.0,222.0,-101.0,,Cerâmica,TQ/II/00330,SON14-Q2,14,2,1.0,,,2017-12-01 00:00:00,,Taquarí,,,
840.0,250.0,-96.0,,Cerâmica,TQ/II/00331,SON14-Q2,14,2,1.0,,,2017-12-01 00:00:00,,Taquarí,,,
655.0,201.0,-96.0,,Cerâmica,TQ/II/00332,SON12-Q2,12,2,9.0,,,2017-12-01 00:00:00,,Taquarí,,,
,,-100.0,110.0,Cerâmica,TQ/II/00333,SON13-Q2,13,2,6.0,Peneira,,2017-12-01 00:00:00,,Taquarí,,,
,,-90.0,100.0,Cerâmica,TQ/II/00334,SON14-Q2,14,2,1.0,Peneira,,2017-12-01 00:00:00,,Taquarí,,,
718.0,245.0,-105.0,,Cerâmica,TQ/II/00335,SON13-Q2,13,2,1.0,,,2017-12-01 00:00:00,,Taquarí,,,
,,-100.0,110.0,Cerâmica,TQ/II/00336,SON15-Q1,15,1,1.0,Peneira,,2017-12-01 00:00:00,,Taquarí,,,
,,-80.0,90.0,Cerâmica,TQ/II/00337,SON13-Q2,13,2,5.0,Peneira,,2017-12-01 00:00:00,,Taquarí,,,
675.0,275.0,-98.0,,Cerâmica,TQ/II/00338,SON12-Q2,12,2,1.0,,,2017-12-01 00:00:00,,Taquarí,,,
470.0,25.0,-87.0,,Cerâmica,TQ/II/00339,SON5-Q1,5,1,1.0,,,2017-12-01 00:00:00,,Taquarí,,,
,,-80.0,90.0,Cerâmica,TQ/II/00340,SON13-Q2,13,2,10.0,Peneira,,2017-12-01 00:00:00,,Taquarí,,,
642.0,238.0,-92.0,,Cerâmica,TQ/II/00341,SON12-Q2,12,2,5.0,,,2017-12-01 00:00:00,,Taquarí,,,
,,-100.0,110.0,Cerâmica,TQ/II/00342,SON10-Q1,10,1,3.0,Peneira,,2017-12-01 00:00:00,,Taquarí,,,
864.0,223.0,-105.0,,Cerâmica,TQ/II/00343,SON14-Q2,14,2,2.0,,,2017-12-01 00:00:00,,Taquarí,,,
484.0,18.0,-87.0,,Cerâmica,TQ/II/00344,SON5-Q1,5,1,1.0,,,2017-12-01 00:00:00,,Taquarí,,,
650.0,230.0,-108.0,,Cerâmica,TQ/II/00345,SON12-Q2,12,2,2.0,,,2017-12-01 00:00:00,,Taquarí,,,
715.0,230.0,-90.0,,Cerâmica,TQ/II/00346,SON13-Q2,13,2,1.0,,,2017-12-01 00:00:00,,Taquarí,,,
770.0,215.0,-92.0,,Cerâmica,TQ/II/00347,SON13-Q2,13,2,2.0,,,2017-12-01 00:00:00,,Taquarí,,,
816.0,213.0,-110.0,,Cerâmica,TQ/II/00348,SON14-Q2,14,2,1.0,,,2017-12-01 00:00:00,,Taquarí,,,
400.0,19.0,-86.0,,Cerâmica,TQ/II/00349,SON5-Q1,5,1,5.0,,,2017-12-01 00:00:00,,Taquarí,,,
812.0,210.0,-104.0,,Cerâmica,TQ/II/00350,SON14-Q2,14,2,1.0,,,2017-12-01 00:00:00,,Taquarí,,,
753.0,227.0,-90.0,,Cerâmica,TQ/II/00351,SON13-Q2,13,2,2.0,,,2017-12-01 00:00:00,,Taquarí,,,
,,-100.0,110.0,Cerâmica,TQ/II/00352,SON13-Q2,13,2,3.0,Peneira,,2017-12-01 00:00:00,,Taquarí,,,
920.0,266.0,-112.0,,Cerâmica,TQ/II/00353,SON15-Q2,15,2,1.0,,,2017-12-01 00:00:00,,Taquarí,,,
884.0,239.0,-92.0,,Cerâmica,TQ/II/00354,SON14-Q2,14,2,1.0,,,2017-12-01 00:00:00,,Taquarí,,,
898.0,292.0,-87.0,,Cerâmica,TQ/II/00355,SON14-Q2,14,2,1.0,,,2017-12-01 00:00:00,,Taquarí,,,
,,-90.0,100.0,Cerâmica,TQ/II/00356,SON5-Q1,5,1,1.0,Peneira,Higienizar no lab.,2017-12-01 00:00:00,,Taquarí,,,
478.0,295.0,-122.0,,Cerâmica,TQ/II/00357,SON15-Q1,15,1,4.0,,,2017-12-01 00:00:00,,Taquarí,,,
,,-90.0,100.0,Cerâmica,TQ/II/00358,SON14-Q2,14,2,2.0,Peneira,,2017-12-01 00:00:00,,Taquarí,,,
412.0,59.0,-87.0,,Cerâmica,TQ/II/00359,SON5-Q1,5,1,2.0,,,2017-12-01 00:00:00,,Taquarí,,,
695.0,245.0,-94.0,,Cerâmica,TQ/II/00360,SON12-Q2,12,2,4.0,,,2017-12-01 00:00:00,,Taquarí,,,
,,-100.0,110.0,Cerâmica,TQ/II/00361,SON14-Q2,14,2,8.0,Peneira,,2017-12-01 00:00:00,,Taquarí,,,
50.0,204.0,-130.0,,Cerâmica,TQ/II/00362,SON11-Q1,11,1,3.0,,,2017-12-01 00:00:00,,Taquarí,,,
650.0,240.0,-108.0,,Cerâmica,TQ/II/00363,SON12-Q2,12,2,2.0,,,2017-12-01 00:00:00,,Taquarí,,,
,,-100.0,110.0,Cerâmica,TQ/II/00364,SON14-Q2,14,2,1.0,Peneira,,2017-12-01 00:00:00,,Taquarí,,,
771.0,233.0,-102.0,,Cerâmica,TQ/II/00365,SON13-Q2,13,2,2.0,,,2017-12-01 00:00:00,,Taquarí,,,
646.0,232.0,-106.0,,Cerâmica,TQ/II/00366,SON12-Q2,12,2,1.0,,,2017-12-01 00:00:00,,Taquarí,,,
935.0,298.0,-106.0,,Cerâmica,TQ/II/00367,SON15-Q2,15,2,1.0,,,2017-12-01 00:00:00,,Taquarí,,,
410.0,90.0,-90.0,,Cerâmica,TQ/II/00368,SON5-Q1,5,1,1.0,,,2017-12-01 00:00:00,,Taquarí,,,
,,-90.0,100.0,Cerâmica,TQ/II/00369,SON13-Q2,13,2,19.0,Peneira,“Do ponto 0”?,2017-12-01 00:00:00,,Taquarí,,,
900.0,270.0,-93.0,,Cerâmica,TQ/II/00370,SON14-Q2,14,2,1.0,,,2017-12-01 00:00:00,,Taquarí,,,
,,-90.0,100.0,Cerâmica,TQ/II/00371,SON10-Q1,10,1,32.0,Peneira,,2017-12-01 00:00:00,,Taquarí,,,
,,0.0,,Cerâmica,TQ/II/00372,SON14-Q2,14,2,1.0,Peneira sem profundidade,,2017-12-01 00:00:00,,Taquarí,,,
734.0,203.0,-104.0,,Cerâmica,TQ/II/00373,SON13-Q2,13,2,1.0,,,2017-12-01 00:00:00,,Taquarí,,,
420.0,37.0,-94.0,,Cerâmica,TQ/II/00374,SON5-Q1,5,1,3.0,,,2017-12-01 00:00:00,,Taquarí,,,
46.0,283.0,-126.0,,Cerâmica,TQ/II/00375,SON11-Q1,11,1,2.0,,,2017-12-01 00:00:00,,Taquarí,,,
,,-100.0,110.0,Cerâmica,TQ/II/00376,SON10-Q1,10,1,12.0,Peneira,,2017-12-01 00:00:00,,Taquarí,,,
655.0,225.0,-98.0,,Cerâmica,TQ/II/00377,SON12-Q2,12,2,2.0,,,2017-12-01 00:00:00,,Taquarí,,,
858.0,230.0,-104.0,,Cerâmica,TQ/II/00378,SON14-Q2,14,2,1.0,,,2017-12-01 00:00:00,,Taquarí,,,
860.0,235.0,-104.0,,Cerâmica,TQ/II/00379,SON14-Q2,14,2,2.0,,,2017-12-01 00:00:00,,Taquarí,,,
405.0,71.0,-89.0,,Cerâmica,TQ/II/00380,SON5-Q1,5,1,1.0,,,2017-12-01 00:00:00,,Taquarí,,,
,,-40.0,50.0,Cerâmica,TQ/II/00381,SON25-Q3,25,3,2.0,Peneira,,2017-12-01 00:00:00,,Taquarí,,,
466.0,161.0,-84.0,,Cerâmica,TQ/II/00382,SON10-Q1,10,1,1.0,,,2017-12-01 00:00:00,,Taquarí,,,
89.0,269.0,-134.0,,Cerâmica,TQ/II/00383,SON11-Q1,11,1,1.0,,,2017-12-01 00:00:00,,Taquarí,,,
,,-100.0,110.0,Cerâmica,TQ/II/00384,SON15-Q2,15,2,1.0,Peneira,,2017-12-01 00:00:00,,Taquarí,,,
857.0,285.0,-95.0,,Cerâmica,TQ/II/00385,SON14-Q2,14,2,1.0,,,2017-12-01 00:00:00,,Taquarí,,,
,,0.0,,Cerâmica,TQ/II/00386,Errada,Errada,Errada,4.0,"Plotagem errada (SON10-Q2 [50, 78, 94])",,2017-12-01 00:00:00,,Taquarí,,,
453.0,92.0,-90.0,,Cerâmica,TQ/II/00387,SON5-Q1,5,1,1.0,,,2017-12-01 00:00:00,,Taquarí,,,
,,-100.0,110.0,Cerâmica,TQ/II/00388,SON13-Q2,13,2,1.0,Peneira,,2017-12-01 00:00:00,,Taquarí,,,
655.0,215.0,-108.0,,Cerâmica,TQ/II/00389,SON12-Q2,12,2,1.0,,,2017-12-01 00:00:00,,Taquarí,,,
475.0,281.0,-85.0,,Cerâmica,TQ/II/00390,SON15-Q1,15,1,1.0,,,2017-12-01 00:00:00,,Taquarí,,,
19.0,214.0,-12.0,,Cerâmica,TQ/II/00391,SON11-Q1,11,1,2.0,,,2017-12-01 00:00:00,,Taquarí,,,
,,-80.0,90.0,Cerâmica,TQ/II/00392,SON5-Q1,5,1,1.0,Peneira,,2017-12-01 00:00:00,,Taquarí,,,
868.0,229.0,-105.0,,Cerâmica,TQ/II/00393,SON14-Q2,14,2,1.0,,,2017-12-01 00:00:00,,Taquarí,,,
827.0,210.0,-109.0,,Cerâmica,TQ/II/00394,SON14-Q2,14,2,1.0,,,2017-12-01 00:00:00,,Taquarí,,,
,,-80.0,90.0,Cerâmica,TQ/II/00395,SON5-Q1,5,1,2.0,Peneira,,2017-12-01 00:00:00,,Taquarí,,,
849.0,215.0,-108.0,,Cerâmica,TQ/II/00396,SON14-Q2,14,2,1.0,,,2017-12-01 00:00:00,,Taquarí,,,
26.0,272.0,-124.0,,Cerâmica,TQ/II/00397,SON11-Q1,11,1,5.0,,,2017-12-01 00:00:00,,Taquarí,,,
807.0,204.0,-101.0,,Cerâmica,TQ/II/00398,SON14-Q2,14,2,1.0,,,2017-12-01 00:00:00,,Taquarí,,,
1965.0,454.0,-75.0,,Lítico,TQ/I/00001,SON25-Q4,25,4,1.0,,,1º dia,2.0,Taquarí,,1,X
2427.0,439.0,-75.0,,Lítico,TQ/I/00002,SON25-Q5,25,5,2.0,,,1º dia,5.0,Taquarí,,2,X
,,0.0,,Lítico,TQ/I/00003,Errada,Errada,Errada,1.0,"Plotagem errada (SON15-Q3 [23, 07, 94])",,1º dia,17.0,Taquarí,,3,X
,,0.0,15.0,Lítico,TQ/I/00004,SON25-Q5,25,5,2.0,Peneira,,1º dia,,Taquarí,,4,X
,,0.0,15.0,Lítico,TQ/I/00005,SON25-Q3,25,3,3.0,Peneira,,1º dia,,Taquarí,,5,X
,,0.0,,Lítico,TQ/I/00006,Errada,Errada,Errada,1.0,"Peneira, plotagem errada (SON15-Q3 [0-15])",,1º dia,,Taquarí,,6,X
,,0.0,,Lítico,TQ/I/00007,Errada,Errada,Errada,1.0,"Plotagem errada (SON15-Q3 [09, 49, 99])",,2º dia,22.0,Taquarí,,7,X
1469.0,479.0,-110.0,,Lítico,TQ/I/00008,SON25-Q3,25,3,1.0,,Percutor (?),2º dia,31.0,Taquarí,,8,X
920.0,290.0,-135.0,,Lítico,TQ/I/00009,SON15-Q2,15,2,3.0,,,2º dia,40.0,Taquarí,,9,X
43.0,260.0,-128.0,,Lítico,TQ/I/00010,SON11-Q1,11,1,1.0,,Percutor (?),2º dia,46.0,Taquarí,,10,X
18.0,201.0,-133.0,,Lítico,TQ/I/00011,SON11-Q1,11,1,1.0,,,2º dia,55.0,Taquarí,,11,X
951.0,222.0,-200.0,,Lítico,TQ/I/00012,SON15-Q2,15,2,2.0,,,2º dia,63.0,Taquarí,,12,X
934.0,217.0,-160.0,,Lítico,TQ/I/00013,SON15-Q2,15,2,1.0,,,2º dia,65.0,Taquarí,,13,X
926.0,264.0,-160.0,,Lítico,TQ/I/00014,SON15-Q2,15,2,1.0,,,2º dia,66.0,Taquarí,,14,X
940.0,270.0,-105.0,,Lítico,TQ/I/00015,SON15-Q2,15,2,1.0,,,2º dia,69.0,Taquarí,,15,X
928.0,241.0,-104.0,,Lítico,TQ/I/00016,SON15-Q2,15,2,2.0,,,2º dia,73.0,Taquarí,,16,X
424.0,83.0,-20.0,,Lítico,TQ/I/00017,SON5-Q1,5,1,1.0,,,2º dia,76.0,Taquarí,,17,X
493.0,284.0,-106.0,,Lítico,TQ/I/00018,SON15-Q1,15,1,1.0,,,2º dia,78.0,Taquarí,,18,X
980.0,480.0,-100.0,,Lítico,TQ/I/00019,SON25-Q2?,25,2,3.0,,Canaleta,2º dia,81.0,Taquarí,,19,X
471.0,220.0,-104.0,,Lítico,TQ/I/00020,SON15-Q1,15,1,1.0,,,2º dia,86.0,Taquarí,,20,X
454.0,278.0,-105.0,,Lítico,TQ/I/00021,SON15-Q1,15,1,2.0,,,2º dia,87.0,Taquarí,,21,X
470.0,55.0,-95.0,,Lítico,TQ/I/00022,SON5-Q1,5,1,1.0,,,2º dia,95.0,Taquarí,,22,X
55.0,227.0,-138.0,,Lítico,TQ/I/00023,SON11-Q1,11,1,2.0,,,2º dia,102.0,Taquarí,,23,X
38.0,198.0,-132.0,,Lítico,TQ/I/00024,SON11-Q1,11,1,1.0,,,2º dia,103.0,Taquarí,,24,X
,,0.0,15.0,Lítico,TQ/I/00025,SON15-Q2,15,2,4.0,Peneira,,3º dia,,Taquarí,,25/26,X
,,-10.0,20.0,Lítico,TQ/I/00026,SON25-Q4,25,4,3.0,Peneira,Canaleta,3º dia,,Taquarí,,27,X
,,-10.0,20.0,Lítico,TQ/I/00027,SON25-Q5,25,5,1.0,Peneira,,3º dia,,Taquarí,,28,X
,,-15.0,30.0,Lítico,TQ/I/00028,SON25-Q3,25,3,2.0,Peneira,,3º dia,,Taquarí,,29,X
,,-15.0,30.0,Lítico,TQ/I/00029,SON5-Q1,5,1,1.0,Peneira,,3º dia,,Taquarí,,30,X
,,0.0,,Lítico,TQ/I/00030,Errada,Errada,Errada,2.0,"Peneira, sem sondagem ([15-30])",,3º dia,,Taquarí,,31,X
,,-15.0,30.0,Lítico,TQ/I/00031,SON25-Q4,25,4,1.0,Peneira,Marcas retas (entalhes ou canaletas),3º dia,,Taquarí,,32,X
,,-30.0,40.0,Lítico,TQ/I/00032,SON25-Q3,25,3,2.0,Peneira,Canaleta (?),3º dia,,Taquarí,,33,X
,,-30.0,45.0,Lítico,TQ/I/00033,SON25-Q3,25,3,1.0,Peneira,,3º dia,,Taquarí,,34,X
,,-30.0,45.0,Lítico,TQ/I/00034,SON25-Q3,25,3,1.0,Peneira,,3º dia,,Taquarí,,35,X
,,-30.0,45.0,Lítico,TQ/I/00035,SON5-Q1,5,1,2.0,Peneira,Canaleta,3º dia,,Taquarí,,36,X
,,-30.0,45.0,Lítico,TQ/I/00036,SON25-Q3,25,3,1.0,Peneira,,3º dia,,Taquarí,,37,X
,,-30.0,45.0,Lítico,TQ/I/00037,SON25-Q3,25,3,6.0,Peneira,,3º dia,,Taquarí,,38/39,X
,,-45.0,60.0,Lítico,TQ/I/00038,SON25-Q5,25,5,1.0,Peneira,,3º dia,,Taquarí,,40,X
,,-50.0,60.0,Lítico,TQ/I/00039,SON11-Q1,11,1,1.0,Peneira,,3º dia,,Taquarí,,41,X
,,-50.0,60.0,Lítico,TQ/I/00040,SON11-Q1,11,1,1.0,Peneira,,3º dia,,Taquarí,,42,X
,,-50.0,60.0,Lítico,TQ/I/00041,SON11-Q1,11,1,6.0,Peneira,,3º dia,,Taquarí,,43,X
,,-60.0,60.0,Lítico,TQ/I/00042,SON11-Q1,11,1,1.0,Peneira,Percutor (?),3º dia,,Taquarí,,44,X
,,-60.0,60.0,Lítico,TQ/I/00043,SON11-Q1,11,1,1.0,Peneira,,3º dia,,Taquarí,,45,X
,,0.0,,Lítico,TQ/I/00044,SON25-Q5,25,5,4.0,Peneira sem profundidade,,3º dia,,Taquarí,,46,X
421.0,221.0,-113.0,,Lítico,TQ/I/00045,SON15-Q1,15,1,2.0,,,4º dia,110.0,Taquarí,,47,X
424.0,283.0,-116.0,,Lítico,TQ/I/00046,SON15-Q1,15,1,1.0,,,4º dia,111.0,Taquarí,,48,X
494.0,264.0,-125.0,,Lítico,TQ/I/00047,SON15-Q1,15,1,1.0,,,4º dia,123.0,Taquarí,,49,X
485.0,259.0,-124.0,,Lítico,TQ/I/00048,SON15-Q1,15,1,1.0,,,4º dia,124.0,Taquarí,,50,X
482.0,36.0,-98.0,,Lítico,TQ/I/00049,SON5-Q1,5,1,1.0,,,4º dia,130.0,Taquarí,,51,X
420.0,44.0,-90.0,,Lítico,TQ/I/00050,SON5-Q1,5,1,1.0,,,4º dia,134.0,Taquarí,,52,X
,,0.0,,Lítico,TQ/I/00051,Errada,Errada,Errada,1.0,"Sem sondagem (SON?-Q1 [56, 88, 96])",,4º dia,139.0,Taquarí,,53,X
492.0,88.0,-98.0,,Lítico,TQ/I/00052,SON5-Q1,5,1,1.0,,,4º dia,140.0,Taquarí,,54,X
,,-50.0,60.0,Lítico,TQ/I/00053,SON11-Q1,11,1,1.0,Peneira,,4º dia,,Taquarí,,55,X
,,0.0,,Lítico,TQ/I/00054,Errada,Errada,Errada,1.0,Peneira sem profundidade e sem sondagem,,4º dia,,Taquarí,,56,X
,,0.0,15.0,Lítico,TQ/I/00055,SON15-Q2,15,2,1.0,Peneira,,3º dia,,Taquarí,,57,X
3.0,230.0,-131.0,,Lítico,TQ/I/00056,SON11-Q1,11,1,1.0,,,2º dia,52.0,Taquarí,,58,X
3.0,206.0,-134.0,,Lítico,TQ/I/00057,SON11-Q1,11,1,1.0,,,2º dia,55.0,Taquarí,,59,X
743.0,222.0,-89.0,,Lítico,TQ/I/00058,SON13-Q2,13,2,1.0,,,2017-12-01 00:00:00,,Taquarí,,,
770.0,222.0,-89.0,,Lítico,TQ/I/00059,SON13-Q2,13,2,1.0,,,2017-12-01 00:00:00,,Taquarí,,,
,,0.0,,Lítico,TQ/I/00060,Errada,Errada,Errada,1.0,"Peneira sem profundidade, plotagem errada (SON18-Q3)",,2017-12-01 00:00:00,,Taquarí,,,
784.0,280.0,-96.0,,Lítico,TQ/I/00061,SON13-Q2,13,2,1.0,,,2017-12-01 00:00:00,,Taquarí,,,
775.0,263.0,-109.0,,Lítico,TQ/I/00062,SON13-Q2,13,2,1.0,,,2017-12-01 00:00:00,,Taquarí,,,
739.0,226.0,-96.0,,Lítico,TQ/I/00063,SON13-Q2,13,2,1.0,,,2017-12-01 00:00:00,,Taquarí,,,
920.0,266.0,-112.0,,Lítico,TQ/I/00064,SON15-Q2,15,2,1.0,,,2017-12-01 00:00:00,,Taquarí,,,
748.0,210.0,-90.0,,Lítico,TQ/I/00065,SON13-Q2,13,2,1.0,,,2017-12-01 00:00:00,,Taquarí,,,
790.0,235.0,-100.0,,Lítico,TQ/I/00066,SON13-Q2,13,2,1.0,,,2017-12-01 00:00:00,,Taquarí,,,
740.0,204.0,-92.0,,Lítico,TQ/I/00067,SON13-Q2,13,2,1.0,,,2017-12-01 00:00:00,,Taquarí,,,
480.0,40.0,-83.0,,Lítico,TQ/I/00068,SON5-Q1,5,1,1.0,,,2017-12-01 00:00:00,,Taquarí,,,
715.0,255.0,-95.0,,Lítico,TQ/I/00069,SON13-Q2,13,2,2.0,,,2017-12-01 00:00:00,,Taquarí,,,
451.0,90.0,-93.0,,Lítico,TQ/I/00070,SON5-Q1,5,1,1.0,,,2017-12-01 00:00:00,,Taquarí,,,
736.0,225.0,-52.0,,Lítico,TQ/I/00071,SON13-Q2,13,2,1.0,,,2017-12-01 00:00:00,,Taquarí,,,
863.0,211.0,-111.0,,Lítico,TQ/I/00072,SON14-Q2,14,2,1.0,,,2017-12-01 00:00:00,,Taquarí,,,
885.0,247.0,-105.0,,Lítico,TQ/I/00073,SON14-Q2,14,2,1.0,,,2017-12-01 00:00:00,,Taquarí,,,
,,-80.0,90.0,Lítico,TQ/I/00074,SON13-Q2,13,2,1.0,Peneira,,2017-12-01 00:00:00,,Taquarí,,,
730.0,200.0,-96.0,,Lítico,TQ/I/00075,SON13-Q2,13,2,1.0,,Observar marcas de uso,2017-12-01 00:00:00,,Taquarí,,,
,,-80.0,90.0,Lítico,TQ/I/00076,SON5-Q1,5,1,1.0,Peneira,“Do ponto 0”?,2017-12-01 00:00:00,,Taquarí,,,
445.0,183.0,-86.0,,Lítico,TQ/I/00077,SON10-Q1,10,1,1.0,,,2017-12-01 00:00:00,,Taquarí,,,
,,-90.0,100.0,Lítico,TQ/I/00078,SON13-Q2,13,2,9.0,Peneira,“Do ponto 0”?,2017-12-01 00:00:00,,Taquarí,,,
834.0,213.0,-116.0,,Lítico,TQ/I/00079,SON14-Q2,14,2,1.0,,,2017-12-01 00:00:00,,Taquarí,,,
,,-105.0,110.0,Lítico,TQ/I/00080,SON13-Q2,13,2,1.0,Peneira,,2017-12-01 00:00:00,,Taquarí,,,
460.0,26.0,-94.0,,Lítico,TQ/I/00081,SON5-Q1,5,1,1.0,,,2017-12-01 00:00:00,,Taquarí,,,
,,-80.0,90.0,Lítico,TQ/I/00082,SON13-Q2,13,2,2.0,Peneira,,2017-12-01 00:00:00,,Taquarí,,,
685.0,215.0,-100.0,,Lítico,TQ/I/00083,SON12-Q2,12,2,1.0,,,2017-12-01 00:00:00,,Taquarí,,,
,,-80.0,90.0,Lítico,TQ/I/00084,SON5-Q1,5,1,3.0,Peneira,,2017-12-01 00:00:00,,Taquarí,,,
890.0,229.0,-103.0,,Lítico,TQ/I/00085,SON14-Q2,14,2,1.0,,,2017-12-01 00:00:00,,Taquarí,,,
700.0,251.0,-106.0,,Lítico,TQ/I/00086,SON13-Q2,13,2,1.0,,,2017-12-01 00:00:00,,Taquarí,,,
638.0,210.0,-90.0,,Lítico,TQ/I/00087,SON12-Q2,12,2,1.0,,,2017-12-01 00:00:00,,Taquarí,,,
734.0,204.0,-91.0,,Lítico,TQ/I/00088,SON13-Q2,13,2,1.0,,,2017-12-01 00:00:00,,Taquarí,,,
785.0,265.0,-93.0,,Lítico,TQ/I/00089,SON13-Q2,13,2,1.0,,,2017-12-01 00:00:00,,Taquarí,,,
677.0,230.0,-88.0,,Lítico,TQ/I/00090,SON12-Q2,12,2,2.0,,,2017-12-01 00:00:00,,Taquarí,,,
,,-90.0,100.0,Lítico,TQ/I/00091,SON13-Q2,13,2,3.0,Peneira,,2017-12-01 00:00:00,,Taquarí,,,
985.0,293.0,-100.0,,Lítico,TQ/I/00092,SON15-Q2,15,2,1.0,,,2017-12-01 00:00:00,,Taquarí,,,
,,-100.0,110.0,Lítico,TQ/I/00093,SON13-Q2,13,2,2.0,Peneira,,2017-12-01 00:00:00,,Taquarí,,,
713.0,272.0,-101.0,,Lítico,TQ/I/00094,SON13-Q2,13,2,1.0,,,2017-12-01 00:00:00,,Taquarí,,,
,,-80.0,90.0,Lítico,TQ/I/00095,SON10-Q1,10,1,4.0,Peneira,,2017-12-01 00:00:00,,Taquarí,,,
833.0,207.0,-119.0,,Lítico,TQ/I/00096,SON14-Q2,14,2,2.0,,,2017-12-01 00:00:00,,Taquarí,,,
,,-105.0,110.0,Lítico,TQ/I/00097,SON13-Q2,13,2,2.0,Peneira,,2017-12-01 00:00:00,,Taquarí,,,
,,-95.0,105.0,Lítico,TQ/I/00098,SON13-Q2,13,2,1.0,Peneira,,2017-12-01 00:00:00,,Taquarí,,,
465.0,126.0,-97.0,,Lítico,TQ/I/00099,SON10-Q1,10,1,1.0,,,2017-12-01 00:00:00,,Taquarí,,,
19.0,267.0,-139.0,,Lítico,TQ/I/00100,SON11-Q1,11,1,1.0,,,2017-12-01 00:00:00,,Taquarí,,,
979.0,300.0,-105.0,,Lítico,TQ/I/00101,SON15-Q2,15,2,1.0,,,2017-12-01 00:00:00,,Taquarí,,,
,,-80.0,90.0,Lítico,TQ/I/00102,SON13-Q2,13,2,1.0,Peneira,Possível adorno,2017-12-01 00:00:00,,Taquarí,,,
,,-70.0,80.0,Lítico,TQ/I/00103,SON10-Q1,10,1,1.0,Peneira,Possível adorno,2017-12-01 00:00:00,,Taquarí,,,
,,-100.0,110.0,Lítico,TQ/I/00104,SON14-Q2,14,2,2.0,Peneira,Possível adorno,2017-12-01 00:00:00,,Taquarí,,,
840.0,280.0,-109.0,,Lítico,TQ/I/00105,SON14-Q2,14,2,1.0,,,2017-12-01 00:00:00,,Taquarí,,,
,,-90.0,100.0,Lítico,TQ/I/00106,SON13-Q2,13,2,4.0,Peneira,,2017-12-01 00:00:00,,Taquarí,,,
675.0,275.0,-98.0,,Lítico,TQ/I/00107,SON12-Q2,12,2,1.0,,,2017-12-01 00:00:00,,Taquarí,,,
,,0.0,,Lítico,TQ/I/00108,SON10-Q1,10,1,2.0,Peneira sem profundidade,,2017-12-01 00:00:00,,Taquarí,,,
791.0,220.0,-93.0,,Lítico,TQ/I/00109,SON13-Q2,13,2,1.0,,,2017-12-01 00:00:00,,Taquarí,,,
,,-80.0,90.0,Lítico,TQ/I/00110,SON10-Q1,10,1,5.0,Peneira,,2017-12-01 00:00:00,,Taquarí,,,
,,-100.0,110.0,Lítico,TQ/I/00111,SON10-Q1,10,1,1.0,Peneira,,2017-12-01 00:00:00,,Taquarí,,,
880.0,276.0,-102.0,,Lítico,TQ/I/00112,SON14-Q2,14,2,2.0,,,2017-12-01 00:00:00,,Taquarí,,,
,,-90.0,100.0,Lítico,TQ/I/00113,SON13-Q2,13,2,2.0,Peneira,,2017-12-01 00:00:00,,Taquarí,,,
447.0,188.0,-94.0,,Lítico,TQ/I/00114,SON10-Q1,10,1,1.0,,,2017-12-01 00:00:00,,Taquarí,,,
638.0,297.0,-103.0,,Lítico,TQ/I/00115,SON12-Q2,12,2,1.0,,,2017-12-01 00:00:00,,Taquarí,,,
,,-100.0,110.0,Lítico,TQ/I/00116,SON10-Q1,10,1,1.0,Peneira,,2017-12-01 00:00:00,,Taquarí,,,
479.0,23.0,-89.0,,Lítico,TQ/I/00117,SON5-Q1,5,1,1.0,,,2017-12-01 00:00:00,,Taquarí,,,
,,-100.0,110.0,Lítico,TQ/I/00118,SON15-Q1,15,1,1.0,Peneira,,2017-12-01 00:00:00,,Taquarí,,,
676.0,202.0,-100.0,,Lítico,TQ/I/00119,SON12-Q2,12,2,1.0,,Termófora com marca de queima: não higienizar com água,2017-12-01 00:00:00,,Taquarí,,,
400.0,194.0,-86.0,,Lítico,TQ/I/00120,SON10-Q1,10,1,1.0,,Entre as sondagens,2017-12-01 00:00:00,,Taquarí,,,
,,-110.0,120.0,Lítico,TQ/I/00121,SON14-Q2,14,2,6.0,Peneira,,2017-12-01 00:00:00,,Taquarí,,,
774.0,242.0,-88.0,,Lítico,TQ/I/00122,SON13-Q2,13,2,1.0,,,2017-12-01 00:00:00,,Taquarí,,,
847.0,200.0,-106.0,,Lítico,TQ/I/00123,SON14-Q2,14,2,1.0,,,2017-12-01 00:00:00,,Taquarí,,,
430.0,30.0,-85.0,,Lítico,TQ/I/00124,SON5-Q1,5,1,1.0,,,2017-12-01 00:00:00,,Taquarí,,,
14.0,242.0,-127.0,,Lítico,TQ/I/00125,SON11-Q1,11,1,2.0,,,2017-12-01 00:00:00,,Taquarí,,,
9.0,280.0,-127.0,,Lítico,TQ/I/00126,SON11-Q1,11,1,1.0,,,2017-12-01 00:00:00,,Taquarí,,,
456.0,17.0,-85.0,,Lítico,TQ/I/00127,SON5-Q1,5,1,1.0,,,2017-12-01 00:00:00,,Taquarí,,,
910.0,280.0,-110.0,,Lítico,TQ/I/00128,SON15-Q2,15,2,1.0,,Termófora,2017-12-01 00:00:00,,Taquarí,,,
471.0,110.0,-89.0,,Lítico,TQ/I/00129,SON10-Q1,10,1,1.0,,,2017-12-01 00:00:00,,Taquarí,,,
475.0,20.0,-83.0,,Lítico,TQ/I/00130,SON5-Q1,5,1,1.0,,,2017-12-01 00:00:00,,Taquarí,,,
812.0,222.0,-109.0,,Lítico,TQ/I/00131,SON14-Q2,14,2,2.0,,,2017-12-01 00:00:00,,Taquarí,,,
,,-100.0,110.0,Lítico,TQ/I/00132,SON14-Q2,14,2,1.0,Peneira,,2017-12-01 00:00:00,,Taquarí,,,
750.0,260.0,-105.0,,Lítico,TQ/I/00133,SON13-Q2,13,2,3.0,,,2017-12-01 00:00:00,,Taquarí,,,
,,0.0,,Lítico,TQ/I/00134,Errada,Errada,Errada,5.0,"Plotagem errada (SON5-Q2 [05, 35, 80])",,2017-12-01 00:00:00,,Taquarí,,,
748.0,244.0,-94.0,,Lítico,TQ/I/00135,SON13-Q2,13,2,1.0,,,2017-12-01 00:00:00,,Taquarí,,,
,,0.0,,Lítico,TQ/I/00136,Errada,Errada,Errada,3.0,"Sem sondagem ([25, 80, 85])",,2017-12-01 00:00:00,,Taquarí,,,
892.0,284.0,-100.0,,Lítico,TQ/I/00137,SON14-Q2,14,2,1.0,,,2017-12-01 00:00:00,,Taquarí,,,
473.0,46.0,-87.0,,Lítico,TQ/I/00138,SON5-Q1,5,1,1.0,,,2017-12-01 00:00:00,,Taquarí,,,
794.0,226.0,-90.0,,Lítico,TQ/I/00139,SON13-Q2,13,2,2.0,,,2017-12-01 00:00:00,,Taquarí,,,
21.0,216.0,-136.0,,Lítico,TQ/I/00140,SON11-Q1,11,1,1.0,,Canaleta,2017-12-01 00:00:00,,Taquarí,,,
485.0,156.0,-82.0,,Lítico,TQ/I/00141,SON10-Q1,10,1,4.0,,,2017-12-01 00:00:00,,Taquarí,,,
868.0,200.0,-103.0,,Lítico,TQ/I/00142,SON14-Q2,14,2,1.0,,,2017-12-01 00:00:00,,Taquarí,,,
,,-50.0,60.0,Lítico,TQ/I/00143,SON5-Q1,5,1,1.0,Peneira,,2017-12-01 00:00:00,,Taquarí,,,
,,-100.0,110.0,Lítico,TQ/I/00144,SON12-Q2,12,2,5.0,Peneira,,2017-12-01 00:00:00,,Taquarí,,,
776.0,220.0,-93.0,,Lítico,TQ/I/00145,SON13-Q2,13,2,1.0,,,2017-12-01 00:00:00,,Taquarí,,,
490.0,70.0,-95.0,,Lítico,TQ/I/00146,SON5-Q1,5,1,1.0,,Canaleta,2017-12-01 00:00:00,,Taquarí,,,
466.0,161.0,-84.0,,Lítico,TQ/I/00147,SON10-Q1,10,1,1.0,,,2017-12-01 00:00:00,,Taquarí,,,
952.0,220.0,-89.0,,Lítico,TQ/I/00148,SON15-Q2,15,2,2.0,,"Termófora, marca de queima, coletada junto com osso",2017-12-01 00:00:00,,Taquarí,,,
890.0,293.0,-102.0,,Lítico,TQ/I/00149,SON14-Q2,14,2,1.0,,,2017-12-01 00:00:00,,Taquarí,,,
807.0,223.0,-105.0,,Lítico,TQ/I/00150,SON14-Q2,14,2,1.0,,,2017-12-01 00:00:00,,Taquarí,,,
,,-50.0,60.0,Lítico,TQ/I/00151,SON5-Q1,5,1,2.0,Peneira,,2017-12-01 00:00:00,,Taquarí,,,
773.0,217.0,-92.0,,Lítico,TQ/I/00152,SON13-Q2,13,2,1.0,,,2017-12-01 00:00:00,,Taquarí,,,
615.0,235.0,-100.0,,Lítico,TQ/I/00153,SON12-Q2,12,2,2.0,,,2017-12-01 00:00:00,,Taquarí,,,
426.0,26.0,-82.0,,Lítico,TQ/I/00154,SON5-Q1,5,1,1.0,,,2017-12-01 00:00:00,,Taquarí,,,
863.0,220.0,-102.0,,Lítico,TQ/I/00155,SON14-Q2,14,2,1.0,,,2017-12-01 00:00:00,,Taquarí,,,
785.0,243.0,-85.0,,Lítico,TQ/I/00156,SON13-Q2,13,2,2.0,,,2017-12-01 00:00:00,,Taquarí,,,
845.0,207.0,-106.0,,Lítico,TQ/I/00157,SON14-Q2,14,2,1.0,,,2017-12-01 00:00:00,,Taquarí,,,
404.0,30.0,-87.0,,Lítico,TQ/I/00158,SON5-Q1,5,1,1.0,,,2017-12-01 00:00:00,,Taquarí,,,
868.0,229.0,-105.0,,Lítico,TQ/I/00159,SON14-Q2,14,2,1.0,,,2017-12-01 00:00:00,,Taquarí,,,
89.0,261.0,-134.0,,Lítico,TQ/I/00160,SON11-Q1,11,1,2.0,,,2017-12-01 00:00:00,,Taquarí,,,
476.0,26.0,-89.0,,Lítico,TQ/I/00161,SON5-Q1,5,1,1.0,,,2017-12-01 00:00:00,,Taquarí,,,
400.0,86.0,-91.0,,Lítico,TQ/I/00162,SON5-Q1,5,1,1.0,,,2017-12-01 00:00:00,,Taquarí,,,
,,-88.0,88.0,Lítico,TQ/I/00163,SON13-Q2,13,2,1.0,Peneira,,2017-12-01 00:00:00,,Taquarí,,,
427.0,196.0,-82.0,,Lítico,TQ/I/00164,SON10-Q1,10,1,1.0,,,2017-12-01 00:00:00,,Taquarí,,,
449.0,34.0,-87.0,,Lítico,TQ/I/00165,SON5-Q1,5,1,2.0,,,2017-12-01 00:00:00,,Taquarí,,,
794.0,238.0,-90.0,,Lítico,TQ/I/00166,SON13-Q2,13,2,1.0,,Possível machado,2017-12-01 00:00:00,,Taquarí,,,
,,0.0,,Lítico,TQ/I/00167,Errada,Errada,Errada,1.0,Peneira sem profundidade e sem sondagem,,2017-12-01 00:00:00,,Taquarí,,,
1472.0,473.0,-92.0,,Lítico,TQ/I/00168,SON25-Q3,25,3,1.0,,,1º dia,,Taquarí,,,
847.0,202.0,-106.0,,Lítico,TQ/I/00169,SON14-Q2,14,2,1.0,,,2017-12-01 00:00:00,,Taquarí,,,
478.0,158.0,-91.0,,Lítico,TQ/I/00170,SON10-Q1,10,1,3.0,,,2017-12-01 00:00:00,,Taquarí,,,
,,-100.0,110.0,Lítico,TQ/I/00171,SON10-Q1,10,1,2.0,,,2017-12-01 00:00:00,,Taquarí,,,
642.0,238.0,-92.0,,Lítico,TQ/I/00172,SON12-Q2,12,2,1.0,,,2017-12-01 00:00:00,,Taquarí,,,
,,-90.0,100.0,Lítico,TQ/I/00173,SON10-Q1,10,1,2.0,,,2017-12-01 00:00:00,,Taquarí,,,
,,-100.0,110.0,Lítico,TQ/I/00174,SON14-Q2,14,2,7.0,,,2017-12-01 00:00:00,,Taquarí,,,
,,-100.0,110.0,Lítico,TQ/I/00175,SON14-Q2,14,2,4.0,,,2017-12-01 00:00:00,,Taquarí,,,
,,-100.0,110.0,Lítico,TQ/I/00176,SON15-Q2,15,2,1.0,,,2017-12-01 00:00:00,,Taquarí,,,
767.0,282.0,-97.0,,Lítico,TQ/I/00177,SON13-Q2,13,2,1.0,,,2017-12-01 00:00:00,,Taquarí,,,
660.0,290.0,-96.0,,Lítico,TQ/I/00178,SON12-Q2,12,2,1.0,,,2017-12-01 00:00:00,,Taquarí,,,
,,-100.0,110.0,Lítico,TQ/I/00179,SON13-Q2,13,2,4.0,,,2017-12-01 00:00:00,,Taquarí,,,
,,-90.0,100.0,Lítico,TQ/I/00180,SON10-Q1,10,1,9.0,,,2017-12-01 00:00:00,,Taquarí,,,
830.0,285.0,-92.0,,Lítico,TQ/I/00181,SON14-Q2,14,2,2.0,,,2017-12-01 00:00:00,,Taquarí,,,
818.0,245.0,-105.0,,Lítico,TQ/I/00182,SON14-Q2,14,2,1.0,,,2017-12-01 00:00:00,,Taquarí,,,
,,0.0,,Osso,TQ/VI/00001,SON15-Q1,15,1,1.0,,,3º dia,87.0,Taquarí,,1,
479.0,286.0,-126.0,,Osso,TQ/VI/00002,SON15-Q1,15,1,1.0,,,3º dia,119.0,Taquarí,,2,
996.0,215.0,-103.0,,Osso,TQ/VI/00003,SON15-Q2,15,2,1.0,,,3º dia,122.0,Taquarí,,3,
,,-15.0,30.0,Osso,TQ/VI/00004,SON15-Q1,15,1,1.0,Peneira,,3º dia,,Taquarí,,4,
,,0.0,,Osso,TQ/VI/00005,Errada,Errada,Errada,1.0,Sem sondagem,,4º dia,,Taquarí,,5,
,,0.0,,Osso,TQ/VI/00006,Errada,Errada,Errada,1.0,Sem sondagem,,4º dia,,Taquarí,,6,
,,0.0,,Osso,TQ/VI/00007,Errada,Errada,Errada,1.0,Sem sondagem,,4º dia,,Taquarí,,7,
,,0.0,,Osso,TQ/VI/00008,Errada,Errada,Errada,1.0,Sem sondagem,Maxilar (possível datação),4º dia,,Taquarí,,8,
945.0,275.0,-95.0,,Osso,TQ/VI/00009,SON15-Q2,15,2,1.0,,,4º dia,38.0,Taquarí,,9,
425.0,185.0,-101.0,,Osso,TQ/VI/00010,SON10-Q1,10,1,,,,2017-12-01 00:00:00,,Taquarí,,10,
786.0,223.0,-102.0,,Osso,TQ/VI/00011,SON13-Q2,13,2,,,“Colado”?,2017-12-01 00:00:00,,Taquarí,,11,
,,-80.0,90.0,Osso,TQ/VI/00012,SON13-Q2,13,2,,Peneira,Marca de corte (?),2017-12-01 00:00:00,,Taquarí,,12,
760.0,220.0,-104.0,,Osso,TQ/VI/00013,SON13-Q2,13,2,,,Dente de pingente,2017-12-01 00:00:00,,Taquarí,,13,
865.0,200.0,-103.0,,Osso,TQ/VI/00014,SON14-Q2,14,2,,,“Colado”?,2017-12-01 00:00:00,,Taquarí,,14,
778.0,217.0,-103.0,,Osso,TQ/VI/00015,SON13-Q2,13,2,,,Costela com marca de corte,2017-12-01 00:00:00,,Taquarí,,15,
430.0,45.0,-87.0,,Osso,TQ/VI/00016,SON5-Q1,5,1,,,,2017-12-01 00:00:00,,Taquarí,,16,
765.0,215.0,-106.0,,Osso,TQ/VI/00017,SON13-Q2,13,2,,,,2017-12-01 00:00:00,,Taquarí,,17,
784.0,223.0,-92.0,,Osso,TQ/VI/00018,SON13-Q2,13,2,,,,2017-12-01 00:00:00,,Taquarí,,18,
744.0,273.0,-109.0,,Osso,TQ/VI/00019,SON13-Q2,13,2,,,,2017-12-01 00:00:00,,Taquarí,,19,
774.0,223.0,-104.0,,Osso,TQ/VI/00020,SON13-Q2,13,2,,,,2017-12-01 00:00:00,,Taquarí,,20,
763.0,228.0,-101.0,,Osso,TQ/VI/00021,SON13-Q2,13,2,,,Osso calcinado,2017-12-01 00:00:00,,Taquarí,,21,
,,-100.0,110.0,Osso,TQ/VI/00022,SON14-Q2,14,2,,Peneira,,2017-12-01 00:00:00,,Taquarí,,22,
935.0,277.0,-113.0,,Osso,TQ/VI/00023,SON15-Q2,15,2,,,Mandíbula,2017-12-01 00:00:00,,Taquarí,,23,
660.0,220.0,-107.0,,Osso,TQ/VI/00024,SON12-Q2,12,2,,,Placa de casco de tatu,2017-12-01 00:00:00,,Taquarí,,24,
690.0,286.0,-104.0,,Osso,TQ/VI/00025,SON12-Q2,12,2,,,,2017-12-01 00:00:00,,Taquarí,,25,
494.0,194.0,-94.0,,Osso,TQ/VI/00026,SON10-Q1,10,1,,,,2017-12-01 00:00:00,,Taquarí,,26,
488.0,178.0,-92.0,,Osso,TQ/VI/00027,SON10-Q1,10,1,,,,2017-12-01 00:00:00,,Taquarí,,27,
438.0,189.0,-93.0,,Osso,TQ/VI/00028,SON10-Q1,10,1,,,,2017-12-01 00:00:00,,Taquarí,,28,
418.0,83.0,-95.0,,Osso,TQ/VI/00029,SON5-Q1,5,1,,,,2017-12-01 00:00:00,,Taquarí,,29,
425.0,185.0,-101.0,,Osso,TQ/VI/00030,SON10-Q1,10,1,,,,2017-12-01 00:00:00,,Taquarí,,30,
784.0,223.0,-92.0,,Osso,TQ/VI/00031,SON13-Q2,13,2,,,,2017-12-01 00:00:00,,Taquarí,,31,
873.0,260.0,-104.0,,Osso,TQ/VI/00032,SON14-Q2,14,2,,,,2017-12-01 00:00:00,,Taquarí,,32,
784.0,223.0,-92.0,,Osso,TQ/VI/00033,SON13-Q2,13,2,,,,2017-12-01 00:00:00,,Taquarí,,33,
784.0,223.0,-92.0,,Osso,TQ/VI/00034,SON13-Q2,13,2,,,,2017-12-01 00:00:00,,Taquarí,,34,
784.0,223.0,-92.0,,Osso,TQ/VI/00035,SON13-Q2,13,2,,,,2017-12-01 00:00:00,,Taquarí,,35,
764.0,210.0,-102.0,,Osso,TQ/VI/00036,SON13-Q2,13,2,,,,2017-12-01 00:00:00,,Taquarí,,36,
630.0,235.0,-113.0,,Osso,TQ/VI/00037,SON12-Q2,12,2,,,,2017-12-01 00:00:00,,Taquarí,,37,
790.0,230.0,-99.0,,Osso,TQ/VI/00038,SON13-Q2,13,2,,,,2017-12-01 00:00:00,,Taquarí,,38,
752.0,220.0,-89.0,,Osso,TQ/VI/00039,SON13-Q2,13,2,,,,2017-12-01 00:00:00,,Taquarí,,39,
417.0,96.0,-93.0,,Osso,TQ/VI/00040,SON5-Q1,5,1,,,Carbonizado,2017-12-01 00:00:00,,Taquarí,,40,
408.0,57.0,-93.0,,Osso,TQ/VI/00041,SON5-Q1,5,1,,,,2017-12-01 00:00:00,,Taquarí,,41,
757.0,230.0,-102.0,,Osso,TQ/VI/00042,SON13-Q2,13,2,,,,2017-12-01 00:00:00,,Taquarí,,42,
768.0,205.0,-108.0,,Osso,TQ/VI/00043,SON13-Q2,13,2,,,,2017-12-01 00:00:00,,Taquarí,,43,
425.0,181.0,-103.0,,Osso,TQ/VI/00044,SON10-Q1,10,1,,,,2017-12-01 00:00:00,,Taquarí,,44,
438.0,154.0,-96.0,,Osso,TQ/VI/00045,SON10-Q1,10,1,,,,2017-12-01 00:00:00,,Taquarí,,45,
640.0,205.0,-108.0,,Osso,TQ/VI/00046,SON12-Q2,12,2,,,,2017-12-01 00:00:00,,Taquarí,,46,
784.0,223.0,-92.0,,Osso,TQ/VI/00047,SON13-Q2,13,2,,,,2017-12-01 00:00:00,,Taquarí,,47,
655.0,215.0,-108.0,,Osso,TQ/VI/00048,SON12-Q2,12,2,,,,2017-12-01 00:00:00,,Taquarí,,48,
,,0.0,,Osso,TQ/VI/00049,Errada,Errada,Errada,,"Plotagem errada (SON8-Q1 [95, 91, 97])",,2017-12-01 00:00:00,,Taquarí,,49,
883.0,259.0,-98.0,,Osso,TQ/VI/00050,SON14-Q2,14,2,,,,2017-12-01 00:00:00,,Taquarí,,50,
,,-100.0,110.0,Osso,TQ/VI/00051,SON12-Q2,12,2,,Peneira,Espinha de peixe,2017-12-01 00:00:00,,Taquarí,,51,
735.0,252.0,-100.0,,Osso,TQ/VI/00052,SON13-Q2,13,2,,,Dentes,2017-12-01 00:00:00,,Taquarí,,52,
685.0,215.0,-100.0,,Osso,TQ/VI/00053,SON12-Q2,12,2,,,,2017-12-01 00:00:00,,Taquarí,,53,
645.0,205.0,-90.0,,Osso,TQ/VI/00054,SON12-Q2,12,2,,,,2017-12-01 00:00:00,,Taquarí,,54,
,,-100.0,110.0,Osso,TQ/VI/00055,SON13-Q2,13,2,,Peneira,,2017-12-01 00:00:00,,Taquarí,,55,
,,-100.0,110.0,Osso,TQ/VI/00056,SON13-Q2,13,2,,Peneira,Concha,2017-12-01 00:00:00,,Taquarí,,56,
872.0,246.0,-101.0,,Osso,TQ/VI/00057,SON14-Q2,14,2,,,Possível costela de ave,2017-12-01 00:00:00,,Taquarí,,57,
765.0,294.0,-96.0,,Osso,TQ/VI/00058,SON13-Q2,13,2,,,,2017-12-01 00:00:00,,Taquarí,,58,
838.0,226.0,-115.0,,Osso,TQ/VI/00059,SON14-Q2,14,2,,,,2017-12-01 00:00:00,,Taquarí,,59,
898.0,257.0,-105.0,,Osso,TQ/VI/00060,SON14-Q2,14,2,,,,2017-12-01 00:00:00,,Taquarí,,60,
695.0,270.0,-100.0,,Osso,TQ/VI/00061,SON12-Q2,12,2,,,,2017-12-01 00:00:00,,Taquarí,,61,
682.0,232.0,-96.0,,Osso,TQ/VI/00062,SON12-Q2,12,2,1.0,,Osso calcinado,2017-12-01 00:00:00,,Taquarí,,62,
434.0,257.0,-126.0,,Carvão,TQ/VIII/00001,SON15-Q1,15,1,1.0,,,4º dia,,Taquarí,,1,
434.0,217.0,-160.0,,Carvão,TQ/VIII/00002,SON15-Q1,15,1,1.0,,,4º dia,,Taquarí,,2,
480.0,280.0,-100.0,,Carvão,TQ/VIII/00003,SON15-Q1,15,1,1.0,,,4º dia,,Taquarí,,3,
493.0,244.0,-104.0,,Carvão,TQ/VIII/00004,SON15-Q1,15,1,1.0,,,4º dia,,Taquarí,,4,
,,0.0,,Carvão,TQ/VIII/00005,Errada,Errada,Errada,1.0,Sem sondagem,,4º dia,,Taquarí,,5,
,,0.0,,Carvão,TQ/VIII/00006,Errada,Errada,Errada,1.0,Sem sondagem,,4º dia,,Taquarí,,6,
439.0,236.0,-146.0,,Carvão,TQ/VIII/00007,SON15-Q1,15,1,1.0,,,4º dia,,Taquarí,,7,
480.0,,-77.0,,Carvão,TQ/VIII/00008,SON5-Q1,5,1,,,,2017-12-01 00:00:00,,Taquarí,,8,
480.0,215.0,-97.0,,Carvão,TQ/VIII/00009,SON15-Q1,15,1,,,,2017-12-01 00:00:00,,Taquarí,,9,
,,0.0,,Amostra de solo,TQ/IX/00001,SON15-Q2,15,2,1.0,,Sedimento para análise,,,Taquarí,,1,
